program_id;dune_label;program_name;raiku_category;raiku_product;pct_base;normal_base_lamports;priority_lamports;jito_tip_lamports;priority_plus_jito_lamports;total_lamports;jito_share_of_total;jito_share_of_priority_jito
JUP6LkbZbjS1jKKwapdHNy74zcZ3tLUZoi5QNyVTaV4;jupiter_v6;Jupiter V6;dex;both;14.04;99298672;551106446;19907756;36897267;707210141;2.81;3.49
ComputeBudget111111111111111111111111111111;;ComputeBudget;system;neither;5.19;10151640;170783359;11226253;3408980;195570232;5.74;6.17
ATokenGPvbdGVxr1b2hvZbsiqW5xWH25efTNsLJA8knL;spl_atoken;Associated Token;system;neither;26.56;38144706;93351390;10591181;1520611;143607888;7.38;10.19
pAMMBay6oceH9fJKBRHGP5D4bD4sWpmSwMn52FMfXEA;pumpdotfun;Pump.fun AMM;dex;potential;44.52;53432230;61794244;3743230;1053764;120023468;3.12;5.71
11111111111111111111111111111111;system_program;System Program;system;neither;50.61;60203799;41663026;14921440;2166169;118954434;12.54;26.37
cpamdpZCGKUy5JxQXB4dcpGPiikHawvSWAd6mEn1sGG;meteora;Meteora DAMM v2;dex;both;2.39;2419728;84350286;14307048;330252;101407314;14.11;14.5
TokenkegQfeZyiNwAJbNbGKPFXCWuBvf9Ss623VQ5DA;spl_token;Token Program;system;neither;23.74;11308483;33325304;2693234;316609;47643630;5.65;7.48
FLASHX8DrLbgeR8FcfNV1F5krxYcYMUdBkrP1EPBtxB9;;Flash Trade;perps;both;4.42;683168;13864556;29309;884560;15461593;0.19;0.21
6EF8rrecthR5Dkzon8Nwu78hRvfCKubJ14M5uBEwF6P;pumpdotfun;Pump.fun;dex;potential;22.26;3180718;9899794;248916;958198;14287626;1.74;2.45
CAMMCzo5YL8w4VFF8KVHrK22GGUsp5VTaW7grrKgrWqK;raydium_clmm;Raydium CLMM;dex;both;13.87;1800398;10817920;350238;12456;12981012;2.7;3.14
dRiftyHA39MWEi3m9aunc5MzRF1JYuBsbn6VPcn33UH;drift_v2;Drift Protocol;perps;both;3.07;385086;12137022;3976;1468;12527552;0.03;0.03
DF1ow4tspfHX9JwWJsAb9epbkA8hmpSEAtxXy1V27QBH;dflow;DFlow Aggregator v4;dex;both;4.54;551236;11557340;5735;35402;12149713;0.05;0.05
9H6tua7jkLhdm3w8BvgpTn5LZNU7g4ZynDmCiNN3q6Rp;;HumidiFi;dex;aot;1.09;110837;8845277;1244929;3;10201046;12.2;12.34
NA247a7YE9S3p9CdKmMyETx8TTwbSdVbVYHHxpnHTUV;;Unknown Bot (NA247);trading_bot;jit;1.61;153255;7348139;1996142;24;9497560;21.02;21.36
SAGE2HAwep459SNq61LHvjxPk4pLPEJLoMETef7f7EE;;Star Atlas SAGE;gaming;potential;8.66;760164;8022137;0;0;8782301;0.0;0.0
proVF4pMXVaYqmy4NjniPh4pqKNfMmsihgd4wdkCX3u;;Unknown Bot (proVF);trading_bot;jit;2.21;171626;7558023;20397;17514;7767560;0.26;0.27
MEViEnscUm6tsQRoGd9h6nLQaQspKj7DB2M5FwM3Xvz;;MEV Bot (MEViE);trading_bot;jit;2.24;157161;5973637;797910;81353;7010061;11.38;11.78
LBUZKhRxPF3XUpBCjp4YzTKgLccjZhTSDM9YuVaPwxo;dlmm;Meteora DLMM;dex;both;32.36;1657426;1690228;930026;844068;5121748;18.16;35.49
dbcij3LWUppWqq96dh6gJWwBifmcGfLSB5D4DuSMaqN;meteora;Meteora Dynamic Bonding Curve;dex;both;16.66;734866;3481294;161922;33106;4411188;3.67;4.44
PhoeNiXZ8ByJGLkxNfZRnkUfjvmuYqLR89jjFHGqdXY;phoenix_v1;Phoenix;dex;both;3.95;166131;884695;276;3151465;4202567;0.01;0.03
XxXxXwJhqsCqZ5yzrykvjwVnUpqBUJP6g6cYjFt2dfW;;Unknown Bot (XxXxX);trading_bot;jit;12.26;466111;3172618;162261;0;3800990;4.27;4.87
9i7QdbBHx7fjLAAaFfcDRgkdS4oNfKv8duzyE27a1kJ6;;MEV Bot (9i7Qd);trading_bot;jit;91.21;3201418;306379;2252;0;3510049;0.06;0.73
TokenzQdBNbLqP5VEhdkAS6EPFLC1PHnBqCXEpPxuEb;spl_token_2022;Token-2022;system;neither;58.49;1901769;936330;395879;17229;3251207;12.18;29.72
whirLbMiicVdio4qvUfM5KAg6Ct8VwpYzGff3uctyCc;whirlpool;Orca Whirlpool;dex;both;48.73;1343932;713048;265380;435476;2757836;9.62;27.12
FsU1rcaEC361jBr9JE5wm7bpWRSTYeAMN4R2MCs11rNF;;Unknown Bot (FsU1r);trading_bot;jit;0.33;8410;2097374;468085;0;2573869;18.19;18.25
oreV3EG1i9BEgiAJ8b177Z2S2rMarzak4NMv1kULvWv;;ORE Mining;mining;neither;13.91;290727;1743510;32036;23862;2090135;1.53;1.8
EtrnLzgbS7nMMy5fbD42kXiUzGg8XQzJ972Xtk1cjWih;;Phoenix Eternal;dex;both;70.51;1273366;176753;241110;114676;1805905;13.35;57.7
MEVbit1CZN1oHXJkcKDNkFmFSMczHVZYnJQpYgGZSnF;;MEV Bot (MEVbi);trading_bot;jit;0;0;1780992;1028;776;1782796;0.06;0.06
7bgvkyKyHvgHdNCTKhheHBYCnvu7BQsBKHAGWNX2jk7D;;Arbitrage Bot (7bgvk);trading_bot;jit;0.02;400;1613383;387;0;1614170;0.02;0.02
BiSoNHVpsVZW2F7rx2eQ59yQwKxzU5NvBcmKshCSUypi;;BisonFi;dex;aot;0.01;163;1452880;148253;0;1601296;9.26;9.26
2Z2EJavNVHpBgw8gVSdbtZ3E1kseANRrN8z57dE1BnGe;;Unknown Bot (2Z2EJ);trading_bot;jit;0;0;1328018;109844;0;1437862;7.64;7.64
term9YPb9mzAsABaqN71A4xdbxHmpBNZavpBiQKZzN3;;;;;0.63;9001;1339327;4689;69114;1422131;0.33;0.35
dijkbkCAKfFTCxQg3u1pg82gVU1jJGHBBRcteD11mBu;;;;;0.88;9514;978000;96291;0;1083805;8.88;8.96
MFv2hWf31Z9kbCa1snEPYctwafyhdvnV7FZnsebVacA;marginfi;Marginfi;lending;aot;0.29;2870;1001415;450;40;1004775;0.04;0.04
T1TANpTeScyeqVzzgNViGDNrkQ6qHz9KrSBS4aNXvGT;titan;Titan Exchange Router;dex;both;49.28;493158;297444;201549;8617;1000768;20.14;40.39
Memo1UhkJRfHyvLMcVucJwxXeuD728EqVDDwQDxFMNo;;Memo Program Legacy;system;neither;3.41;33624;946453;7021;64;987162;0.71;0.74
rexhfZLRRxRkPkw9izswgMFRPDb9U58jeinH7wqUVuw;;Arbitrage Bot (rexhf);trading_bot;jit;1.05;10201;963257;122;27;973607;0.01;0.01
2VxcbQDXkbaLHzShMsJGieXGTd239FbNseX1Qx6yLW7V;;;;;0;0;938105;12209;0;950314;1.28;1.28
E2uCGJ4TtYyKPGaK57UMfbs9sgaumwDEZF1aAY6fF3mS;;;;;0.01;108;735879;178689;0;914676;19.54;19.54
King7ki4SKMBPb3iupnQwTyjsq294jaXsgLmJo8cb7T;;Arbitrage Bot (King7);trading_bot;jit;2.91;25536;848231;2490;0;876257;0.28;0.29
CPMMoo8L3F4NbTegBCKVNunggL7H1ZpdTHKxQB5qKP1C;raydium_cp;Raydium CPMM;dex;both;53.72;428932;352250;9765;7445;798392;1.22;2.7
joeHSutRWndCtp1EPx5tz5zHyaPBZUZ5JsxDEVB1RPZ;;;;;0.05;322;491231;214874;0;706427;30.42;30.43
phDEVv4w6BcfkLrLNeXr8HhhgQxnxziVGXpGPcaadMf;;Phoenix Perpetuals Program;perps;both;73.17;515030;188871;0;0;703901;0.0;0.0
routeUGWgWzqBWFcrCfv8tritsqukccJPu3q5GPP3xS;;Jupiter Route;dex;both;2.07;14553;687131;98;118;701900;0.01;0.01
BGUMAp9Gq7iTEuizy4pqaxsTyUCBK68MDfK752saRPUY;bubblegum;Bubblegum;nft;potential;55.78;383509;301932;2092;6;687539;0.3;0.69
LanMV9sAd7wArD4vJFi2qDdfnVhFxYSUg6eADduJ3uj;raydium;raydium;;;13.28;90092;564248;4114;19958;678412;0.61;0.72
DoVEsk76QybCEHQGzkvYPWLQu9gzNoZZZt3TPiL597e;jupiter;jupiter;;;28.41;191044;369314;112170;0;672528;16.68;23.3
9GCBb4NsSDRuEkkGfQkN37oppmMVPops5sXDWhAKAvQQ;;Trading Bot (9GCBb);trading_bot;jit;30.58;202284;456871;2437;0;661592;0.37;0.53
675kPX9MHTjS2zt1qfr1NYHuzeLXfQM9H24wFSUt1Mp8;raydium_amm;Raydium V4;dex;both;76.27;496846;126968;24697;2916;651427;3.79;16.28
PERPHjGBqRHArX4DySjwM6UJHiR3sWAatqfdBS2qQJu;jupiter;Jupiter Perpetuals;perps;both;0.07;411;591432;13908;0;605751;2.3;2.3
BxM2ipMbq66MuCdSDgjxMpc3cPUvoAP6V3rw6ntTH;;;;;0;0;582306;675;0;582981;0.12;0.12
goonERTdGsjnkZqWuVjs73BZ3Pb9qoCUdBUL17BnS5j;;;;;9.37;54070;456562;66604;0;577236;11.54;12.73
GMgnVFR8Jb39LoXsEVzb3DvBy3ywCmdmJquHUy1Lrkqb;;;;;0;0;531781;22406;6924;561111;3.99;4.04
ojh19ojaKduoJZuaJADhcVGp4xt1TcdAvZmpVsCorch;;;;;47.78;267976;328;133587;158918;560809;23.82;99.76
pythWSnswVUd12oZpeFP8e9CVaEqJg25g1Vtc2biRsT;;Pyth Push Oracle;oracle;aot;37.21;192793;325267;6;0;518066;0.0;0.0
StenDH7EmnXdcniwsXgTWtN1ogfQksZ1C5UGBr7dNBG;;MEV Bot (StenDH7);trading_bot;jit;0;0;493927;7086;0;501013;1.41;1.41
L2TExMFKdjpN9kozasaurPirfHy9P8sbXoAN1qA3S95;;Lighthouse Program;system;neither;28.05;129947;265781;55470;12097;463295;11.97;17.27
KLend2g3cP87fffoy8q1mQqGKjrxjC8boSyAYavgmjD;kamino_lend;Kamino Lending v2;lending;aot;2.96;13650;441732;6048;30;461460;1.31;1.35
G2E4eoenFMirpFKRfHNo2koDP7mrhnNWVwxyHASSpjQD;;Trading Bot (G2E4e);trading_bot;jit;0;0;440186;5736;0;445922;1.29;1.29
DT3X9y2w3S13M4GiQNbMtsrYeA9eEZpLg6frM4V28at5;;Automated Bot (DT3X);trading_bot;aot;83.78;340298;692;64754;460;406204;15.94;98.94
L6pUpkHtq3CLtJRTrZ9GsBxfweZ8iPS6CnDQMdmcbad;;Unknown DeFi (L6pUp);defi;potential;0.01;57;381398;13633;0;395088;3.45;3.45
b1oomGGqPKGD6errbyfbVMBuzSC8WtAAYo8MwNafWW1;;Bloom Router;dex;both;0.80;2969;363638;152;4273;371032;0.04;0.04
mine9YMaEywEJyysaDLjYngt8pYXxQDsdakUewPEW8S;;;;;0.03;92;280557;73539;0;354188;20.76;20.77
FLASH6Lo6h3iasJKWDs2F8TkW2UKf3s15C8PMGuVfgBn;flash_trade;Flash Loan Protocol;lending;both;0.74;2536;340808;150;0;343494;0.04;0.04
ChuyiaWFij7fHuCGaYPKD6BWCtfj9Mog8p8Xqwqrjqmo;;;;;74.92;224214;0;75066;0;299280;25.08;100.0
1oopBoJG58DgkUVKkEzKgyG9dvRmpgeEm1AVjoHkF78;loopscale;Loopscale;lending;both;33.65;94896;179032;8076;0;282004;2.86;4.32
NA365bsPdvZ8sP58qJ5QFg7eXygCe8aPRRxR9oeMbR5;;;;;10.58;28478;101953;138820;0;269251;51.56;57.66
7XC2zbahfy2ojcEtewCXEqqbHiEijwfXoMDUsL2mHt6L;;;;;0.00;12;162717;103738;0;266467;38.93;38.93
GMGNreQcJFufBiCTLDBgKhYEfEe9B454UjpDr5CaSLA1;;Arbitrage Bot (GMGNr);trading_bot;jit;0;0;264423;0;768;265191;0.0;0.0
FD1amxhTsDpwzoVX41dxp2ygAESURV2zdUACzxM1Dfw9;;Arbitrage Bot (FD1am);trading_bot;jit;0;0;263069;0;0;263069;0.0;0.0
MEViZt7uNtZs47XkjujUuMSAxxxVtQQ25SwToLcEckt;;Arbitrage Bot (MEViZ);trading_bot;jit;0;0;260208;0;0;260208;0.0;0.0
HFn8GnPADiny6XqUoWE8uRPPxb29ikn4yTuPa9MF2fWJ;;Kamino Scope Price;oracle;aot;0.03;75;259080;2;0;259157;0.0;0.0
DCA265Vj8a9CEuX1eb1LWRnDT7uK6q1xMipnNyatn23M;jupiter;jupiter;;;5.06;13086;245282;0;0;258368;0.0;0.0
SoLFiHG9TfgtdUXUjWAxi3LtvYuFyDLVhBWxdMZxyCe;solfi;SolFi;dex;aot;0;0;178805;0;73027;251832;0.0;0.0
okxHJ2MSs2qyGHpoTTYGPTefbVkDFUkqYCL2PdnqPzQ;;OKX DEX;infrastructure;neither;33.20;81721;164431;0;0;246152;0.0;0.0
6m2CDdhRgxpH4WjvdzxAYbGxwdGUz5MziiL5jek2kBma;okx_dex_v2;OKX DEX V2;infrastructure;neither;3.64;8628;228544;0;90;237262;0.0;0.0
H8QkYXA9HoZxRUJk3ZaM8u5emibGxEAGDCH54FG9NLe4;;;;;0.07;154;0;231991;0;232145;99.93;100.0
GReEN7h1Dcd845BNMz46gJjyzpruguwT75yfuLY1ZURj;;;;;13.76;31333;140939;55444;0;227716;24.35;28.23
MaestroAAe9ge5HTc64VbBQZ6fP77pwvrhM8i1XWSAx;;;;;98.13;197939;935;2840;0;201714;1.41;75.23
hydHwdP54fiTbJ5QXuKDLZFLY5m8pqx15RSmWcL1yAJ;;;;;0.01;20;114964;66772;0;181756;36.74;36.74
metaqbxxUerdq28cj1RbAWkYQm3ybzjb6a8bt518x1s;mpl_token_metadata;Metaplex Token Metadata;nft;neither;10.75;18912;156818;193;68;175991;0.11;0.12
FN7VBkUMMEgtLttUX8HH1GeK8oXvCkgKkZPjdoyEeN4U;;;;;0;0;169127;2112;0;171239;1.23;1.23
AddressLookupTab1e1111111111111111111111111;;Address Lookup Table;system;neither;26.57;43932;120696;668;42;165338;0.4;0.55
9Du1kkHrjKCVqbtKoxVVQnKxBX3vJMiEKc9sBtbgkC3L;;;;;0.60;983;150639;12850;0;164472;7.81;7.86
ARBTRGgcwmy3VS2W9YaauL7FSMBmB41cJ8EkfWGo8D6c;;Arbitrage Bot (ARBTR);trading_bot;jit;0;0;101169;48461;0;149630;32.39;32.39
7SyiQ664tWYCyWyKDftkfLspE85pJrUR4kJQwb6brYb9;;Keeper Bot (7SyiQ);trading_bot;aot;91.63;132884;0;12140;0;145024;8.37;100.0
CFU3XT4yiuERvM4298sGWuWFxMRmJkeyganCQ3WtuMK3;;;;;0.02;23;0;118348;0;118371;99.98;100.0
A8g42Cw2RHEQztHTV18g3PcZYspyFLXzZPceAsF9gcux;;;;;0.96;1108;63938;50939;0;115985;43.92;44.34
Crf6uiMVHpuqkQzE2FkWWces3xiYaTbTsFYPDSeNWksM;;Arbitrage Bot (Crf6u);trading_bot;jit;1.11;1134;100476;761;0;102371;0.74;0.75
DHFkF589sftXMvirmVGoMPk9rjkvUEiRTJvdT7yYXdmu;;;;;31.86;31515;0;67400;0;98915;68.14;100.0
BFYDcwRC2CqnvSpd3ES9WUieSYk4FtGJwhuyMVintbGQ;;Unknown Bot (BFYDc);trading_bot;jit;1.49;1373;90743;32;26;92174;0.03;0.04
8aquaCPqbpsWvHdpfhTgfBg8eJWqNZKQgyYzzFXCdRkH;;Aqua Protocol;defi;potential;35.40;32062;46422;12095;0;90579;13.35;20.67
AWyHupJb5LBjgcAjDaLmLMRbj72dX4kTtnvNpbrMqpFF;;;;;0;0;77092;6632;0;83724;7.92;7.92
SAbErai3UvzycbkooTMoQkD3Y7JVr5aEf7tEHBW1AWf;;Unknown DeFi (SAbEr);defi;potential;25.68;21390;46386;15534;0;83310;18.65;25.09
sa12qbQyuQqEaDcEqEPKmZEGTdzSMaqj87nKRYbE3QE;;OKX Smart Account;infrastructure;neither;35.92;28754;10298;41000;0;80052;51.22;79.93
onchL7qGruBH2KNmccofz3oJ3HXBA1ZFYfv84am7fjK;;;;;0.05;39;1401;77307;0;78747;98.17;98.22
EmTX93xYtDE3h7G5EF2m9VRPE1UT1XBoohpVmEzE4oEU;;Keeper Bot (EmTX9);trading_bot;aot;69.80;54252;14856;8620;0;77728;11.09;36.72
9w1D9okTM8xNE7Ntb7LpaAaoLc6LfU9nHFs2h2KTpX1H;;;;;10.40;7960;64938;286;3387;76571;0.37;0.44
FAdo9NCw1ssek6Z6yeWzWjhLVsr8uiCwcWNUnKgzTnHe;;;;;5.92;4521;50515;1498;19878;76412;1.96;2.88
3ouc9wzhLNDjvoaorLRRcYKHLrmbX6ZMrJedLhnGjWEL;;;;;0.11;81;68756;6310;0;75147;8.4;8.41
BLZRi6frs4X4DNLw56V4EXai1b6QVESN1BhHBTYM9VcY;;;;;3.13;2322;70696;1285;0;74303;1.73;1.79
SQDS4ep65T869zMMBKyuUq6aD6EgTu8psMjkvj52pCf;squads_multisig;Squads Multisig v4;system;neither;28.42;19250;38446;128;9918;67742;0.19;0.33
DvtCHYizicjpX3dSLkXVsS1Y5RGRHGahGirAsRjVbEVg;;;;;0.00;2;52890;9259;0;62151;14.9;14.9
9qoRv2KG7r9jnbwJ1mtL5UmL4SR3qVYc3DaxReMS51ZD;;;;;0;0;55232;1079;0;56311;1.92;1.92
BMbP6rg3HDT9Y22s9JCwYtC9vW4RfuojhdqHfsErEGhH;;;;;3.48;1920;30254;23055;0;55229;41.74;43.25
7GqLmFAG4j3fzXhPGhGHaYPKD6BWCtfj9Mog8p8Xqwqrjqmo;;;;;0;0;51869;966;0;52835;1.83;1.83
3Hm8UuHLTrPFU8tvUYDX8ZkzYRszYbVLEJozTBGsXYDJ;;Unknown DeFi (3Hm8U);defi;potential;11.25;5882;89;45487;807;52265;87.03;99.8
progSgjc51c45gZ86VbJY2Msi2mN3KbHQPcLdgrJbsB;;;;;0.10;52;43078;7919;0;51049;15.51;15.53
8yvD3vvuJdXCaxuVKSc81SNgox3vcXfXgLCJii8WKBvU;;;;;0;0;48650;949;0;49599;1.91;1.91
fUSioN9YKKSa3CUC2YUc4tPkHJ5Y6XW1yz8y6F7qWz9;defituna;DefiTuna Fusion AMM;dex;both;66.40;30072;10240;1425;3549;45286;3.15;12.22
Cg5KzXuJSeKxu8TkU4r9gNRpdqkWej4bBp5jzj4NDx8v;;;;;0;0;44119;659;0;44778;1.47;1.47
SUPuZPqTr1Zjz11UeVgLotcLupNdFUzKvUg3Sa9LiGL;;;;;0;0;35967;3672;189;39828;9.22;9.26
FsWxHsafrajWKW5YZTT76D8sYCAVfbA4iNoPxNFQqUet;;Arbitrage Bot (FsWxH);trading_bot;jit;0.19;77;0;39519;0;39596;99.81;100.0
4kmzZnRhGBr96GD6Gd7w8AYgg8nTqYQcCwVVVZZhxgTN;;;;;0;0;32545;1858;104;34507;5.38;5.4
zapvX9M3uf5pvy4wRPAbQgdQsM1xmuiFnkfHKPvwMiz;;Meteora Zap;dex;both;88.05;29646;3209;815;0;33670;2.42;20.25
strmRqUCoQUgGUan5YhzUZa6KqdzwX5L6FpUxfmKg5m;;Streamflow;defi;aot;4.14;1173;27172;18;0;28363;0.06;0.07
ExponentnaRg3CQbW6dqQNZKXp7gtZ9DGMp1cwC4HAS7;;Exponent Finance;defi;both;0.15;42;406;308;27253;28009;1.1;43.14
HpNfyc2Saw7RKkQd8nEL4khUcuPhQ7WwY1B2qjx8jxFq;pancakeswap;PancakeSwap;dex;both;17.88;4895;21172;1311;0;27378;4.79;5.83
F5tfvbLog9VdGUPqBDTT8rgXvTTcq7e5UiGnupL1zvBq;;;;;0;0;2455;24365;0;26820;90.85;90.85
AEyodoBDx5vgvEpWLUbNRMYHrSJ113uW2A8avE3GEB7X;;Unknown DeFi (AEyod);defi;potential;73.18;17769;0;6513;0;24282;26.82;100.0
42y8Bp3NX2CmSF8roUzPPgRXqWcdvssYsd1eprLqB8Eo;;;;;5.02;1162;0;21976;0;23138;94.98;100.0
FrLmhMwyYQJVivt2EsVZwEEVspxoVhYj22Cxxst4hWVf;;;;;14.76;3328;12310;6911;2;22551;30.65;35.96
vanshF62ku4jVVdf8DS47SXuJC1rq8qokGSANAomhey;;Trading Bot (vansh);trading_bot;jit;38.67;8550;57;13505;0;22112;61.08;99.58
TitanLozLMhczcwrioEguG2aAmiATAPXdYpBg3DbeKK;;Titan Loz;trading_bot;jit;0.03;6;14496;7552;0;22054;34.24;34.25
8SDTDjFz1HmP7qzUZE6QaBuUqQ2eHwXabHJQwqDQok48;;;;;25.07;5128;13272;2053;0;20453;10.04;13.4
boyftq7VDXu4mJs8cDqQM63i6LNzBs3kg41rre7Ek5v;;;;;81.57;16682;0;3769;0;20451;18.43;100.0
4bxPFDT8x38u9rrvh8pM4xjdmj1RgusADcoktHMANbFz;;;;;1.04;144;13579;129;40;13892;0.93;0.94
GkyTKJDSHzMRLxXfmTmiD1zgbMwGg2Z6ktCYx3qX4Bif;;;;;0.12;16;8541;4914;0;13471;36.48;36.52
Arbi3VGvZy8ZDQGqREi2YFkGUgdxbstgNa3E7QGsrQ5J;;;;;66.56;8475;3586;570;101;12732;4.48;13.72
5kSXmrbPRwt5vSytzpakADk51QbWgpixnfA1fBcygx91;;;;;0.09;12;8116;4527;0;12655;35.77;35.81
BXxgGt3akAghZviYHLh8KUh6vhXBht5wf86De6huTp95;;;;;55.96;6826;54;5318;0;12198;43.6;98.99
65VKabrEQy6UDtcrZKmRGpizaZWw3aANKV5XMb3geJng;;Unknown DeFi (65VKa);defi;potential;0;0;10038;1942;0;11980;16.21;16.21
AgYZo5JeGsmG4qVKadyNX3C6WaNsgJcs2k8QGFfcqQQd;;;;;0;0;0;11039;0;11039;100.0;100.0
2RoWfh3xNtwGGpoXmXAWbVgiqqYiNEb9QrPYshQjRDGu;;;;;0;0;10032;133;0;10165;1.31;1.31
59ZAKGD6vibQB3BHMt3Raf3FrDsjwTw8AzMHJGAerjrh;;;;;5.25;531;7664;1921;0;10116;18.99;20.04
KiNetiCAToLExLv5w7PrfiiKK1iYHNjrUM3RAF2V3A4;;Kinetic Aggregator v4;dex;both;13.99;1406;8251;391;0;10048;3.89;4.52
CzUNkVCDJ889YsKsruFA1nNsjLgvrSdpf8RuL4aJvkdw;;;;;1.49;149;361;9500;0;10010;94.91;96.34
7dNDKN621rXdL1Zec3UZB6VbaKsJ98Gi7g6cpPyTRCVY;;;;;49.11;4714;0;4884;0;9598;50.89;100.0
EBgFGVhURVjFudGD84L1Ag59x3etohaBLtqwXRbcwrxJ;;;;;58.14;5469;0;3938;0;9407;41.86;100.0
8vyQNK6fdpWRLNiz2Qmr8JfYPzCx7PgULbKJL2u3CxEL;;;;;68.19;6396;0;2983;0;9379;31.81;100.0
6AETLuHNcxjXRotZvSJJJo49hq4uY9f1Cxc9GMGxf1Tg;;;;;16.64;1544;0;7734;0;9278;83.36;100.0
GsaJ3CwKWKHFkN8cSzrzEQ48B4CumHNhjTgGnKVju3eU;;;;;44.63;3981;0;4939;0;8920;55.37;100.0
dst5MGcFPoBeREFAA5E3tU5ij8m5uVYwkzkSAbsLbNo;dln_trade;dln_trade;;;50.14;4386;32;4330;0;8748;49.5;99.27
9xGcpt1J7GmxHotFNvh9KCc2Rqm4QznT9iCoRAw7ssDs;;;;;22.22;1811;2328;4010;0;8149;49.21;63.27
4a2fybuHumGgi97uxaM58KrgiHtPqHWsZLZgovRxg8Cp;;;;;70.39;5591;0;2352;0;7943;29.61;100.0
tuna4uSQZncNeeiAMKbstuxA9CUkHH6HmC64wgmnogD;defituna;DefiTuna;lending;both;2.20;174;5632;2085;32;7923;26.32;27.02
GpCJTW1MvkvEyVVx5HPooFRwz7tp5SG7FReebpMxfJER;;;;;2.25;170;6649;725;0;7544;9.61;9.83
SPoo1Ku8WFXoNDMHPsrGSTSG1Y47rzgn41SLUNakuHy;;Stake Pool Program;staking;aot;55.96;3649;904;752;1216;6521;11.53;45.41
5ifgd2hU3y8k1EhuEW2DZRTkFGHCZ3WHsQ1JHL5MCvxZ;;Unknown DeFi (5ifgd);defi;potential;0.09;6;0;6316;0;6322;99.91;100.0
EpjnUueXY3MmZZw2n8FobumsJpZN6kTUB8mREr2SKXRW;;;;;14.02;883;4471;943;0;6297;14.98;17.42
GekCNWDH4dMHZ8RWgN4w9KycNfb7AdM5cLe6w4E39Y46;;Unknown DeFi (GekCN);defi;potential;37.47;2079;0;3470;0;5549;62.53;100.0
Bf21oiCfZ9ErBPax1B9AeB23S9ajZjcUgECCsDeh6N1f;;;;;0;0;4813;492;0;5305;9.27;9.27
MevFXXGBgBMbr2c9G6GWE9Vo8qo8GCVed4jn1npP5tG;;MEV Bot (MevFXX);trading_bot;jit;91.59;4608;0;423;0;5031;8.41;100.0
CCTPmbSD7gX1bxKPAmg77w8oFzNFpaQiQUWD43TKaecd;;Circle CCTP;bridge;potential;13.88;658;4076;5;0;4739;0.11;0.12
AN225jmTP34SF2ttCuLTWG6XwasvjHp1LRzbZ1ztVmgy;;;;;37.30;1760;1689;1270;0;4719;26.91;42.92
95yfdYsWNr5C9adCCFogMQKSxRCr1ByQnvPazAYicvdC;;;;;0;0;0;4671;0;4671;100.0;100.0
FgwFgSsLMLpvGBUvXgkko86cJh6R8CWuv3RAQpDAiR8z;;;;;0;0;3409;444;0;3853;11.52;11.52
aaaab9xyNrdf7K1VXLGppSXzXK6UD3w3ng3Qiz2UadW;;;;;0;0;3153;148;0;3301;4.48;4.48
2cTqS8AiqcmCQc3VkEadQdGKgZvbNJVamNkEe4Hh9AmW;;;;;0;0;1979;1287;0;3266;39.41;39.41
2BKVtbJPi42KRjGQ6LmNApvHvXo89PW1iwnMgimhQeyP;;;;;39.73;1282;0;1945;0;3227;60.27;100.0
CUQUKjGUv2bsNTAR9Bh9tF7njVE1Q3bkGWbkmsH2mqKx;;;;;0.06;2;0;3140;0;3142;99.94;100.0
8yTntpZWSiB46T73tQ7V6uUuKQK8SdMXYPsz28nb2dnA;;;;;32.50;1013;0;2104;0;3117;67.5;100.0
RdEaqFdXKtvkRiLxELviWmx5Pb7Nsw4k7pVXRYWNmGD;;;;;61.68;1920;0;1193;0;3113;38.32;100.0
EXbMTNLdyeUpvbdpSmzFsfvJZbSisKVXgKr6NHWyFLs3;;;;;64.18;1887;0;1053;0;2940;35.82;100.0
Cmv6fTsiNdLkVR2zSge7B9oFGf7LS6F4zteA73331XW8;;;;;0;0;0;2812;0;2812;100.0;100.0
SV2EYYJyRz2YhfXwXnhNAevDEui5Q6yrfyo13WtupPF;;SolFi V2;dex;aot;2.70;70;0;2523;0;2593;97.3;100.0
6ia4ftDBGF74eiuQY5YhWqK9A3ffdwqbQdaeLprqnMxm;;;;;41.97;1017;0;1406;0;2423;58.03;100.0
HYwWDaWXDFXb8kavs3cS5pAW1BrdEqUiCmajKXrSuAmn;;;;;1.41;34;0;2373;0;2407;98.59;100.0
4SWuTCPaVVdVCuJCcdkAzWxB7rngbGnCE6QiFbERopH8;;;;;48.90;1152;0;1204;0;2356;51.1;100.0
6jMi2CRpAA6uah3qzPpCR8SL8MsuAsB9MtCTKkufXkw2;;;;;25.58;585;42;1608;52;2287;70.31;97.45
wormDTUJ6AWPNvk59vGQbDvGJmqbDTdgWgAqcLBCgUb;wormhole;Wormhole Core;bridge;potential;34.42;768;1241;222;0;2231;9.95;15.17
Dpe4s2p9FfNPvCkQp58iwVVyAStC7JdRbSYSH1qvDFJY;;;;;0;0;0;2195;0;2195;100.0;100.0
FcZaM5sHBjG2rhosQSP8uUGJpWUucMBz7mnvjk8Chmzn;;;;;0;0;0;2178;0;2178;100.0;100.0
DWjukc21WN3jZX2SduhRS45tahoH5GCmw784cyTmbiT;;;;;13.32;287;0;1867;0;2154;86.68;100.0
onreuGhHHgVzMWSkj2oQDLDtvvGvoepBPkqyaubFcwe;;;;;12.18;235;60;1635;0;1930;84.72;96.46
B4cUJzpPVNKdnjnN7x7MhhXzJT5Z9SpteFp3JK3Y7bow;;;;;0;0;0;1771;0;1771;100.0;100.0
D2kzByMY3DcqMhoYNTYKhzU2oDMW5hfPiawgrqizV1sg;;;;;59.54;983;0;668;0;1651;40.46;100.0
8cRoD59SHLfJee9E2HV9VpneWaYwHFnTT2PPuYRHd2Jt;;;;;0;0;936;648;0;1584;40.91;40.91
7k2GqkxfcfTicAosECH2gxytXpG1xCXLMk4TEPCaukLy;;;;;5.99;78;0;1224;0;1302;94.01;100.0
H1CowKLj2dTkf7wQ7jtNH9djSADta1RAM3g3kKy2re2L;;;;;0;0;2;1272;0;1274;99.84;99.84
3RvG4ZaZPX4RvCAxVHjrNc3U8iN18kxc2PGuYcpjvCkd;;;;;0;0;843;424;0;1267;33.46;33.46
FRQTSSQMb9Gd2L2tVHzsgW75z3GWZvTMHrNoBbdVESXt;;;;;53.91;682;0;583;0;1265;46.09;100.0
7HR9iN2G7EGjKWgryHWahseUMwygKdVzKHm8LBaSbLoe;;;;;61.31;713;0;450;0;1163;38.69;100.0
rDeFiHPjHZRLiz4iBzMw3zv6unZs4VwdU6qQcVd3NSK;;;;;7.82;84;542;448;0;1074;41.71;45.25
FFdpqnoTK9nydQo86AbSdTohcbhs9yd8CQ2kpL4C4hTc;;;;;0;0;0;1064;0;1064;100.0;100.0
7vWTrZc7uprTwqvynFafKPb8sgJqGE1vQguvmowRX2fx;;;;;0.20;2;0;1016;0;1018;99.8;100.0
EZ64Ht81uhNiUqHBeZSYpF8usX9TuXw6Rc65qBkdz38L;;;;;0;0;605;401;0;1006;39.86;39.86
EwPFrmLWXTTwoCXYRiLWXXfd4VjRBnQsEvisDVT5GAR7;;;;;66.60;646;0;324;0;970;33.4;100.0
8oW6xW4TLvPgC7qgoo4MH8Qjhvif5mVevVKbFkXoqUM8;;;;;62.33;551;0;333;0;884;37.67;100.0
3efF8Bd4bhnqttRcLhasjbpUmZZ3E6sDh7heZp2fwHUY;;;;;0;0;0;877;0;877;100.0;100.0
LStwN2E5Uw6MCtuxHRLhy8RY9hxqW2XRpLzettb696y;;;;;20.51;144;22;461;75;702;65.67;95.45
EAe3ag4gUU3Dncn5rW8MCFunhgR5CzH751aPaamA4Kzg;;;;;50.00;297;0;297;0;594;50.0;100.0
nb9c86rvUSUAY2qgUU7gGgKqMwLqLws5oqTVN9zLLB8;;;;;17.39;96;0;456;0;552;82.61;100.0
9MpyReg1njAH4WnD7RusZuvjGEZM3YSFevytHRmJNA43;;;;;80.44;440;0;107;0;547;19.56;100.0
7szZ58G7rZwQ578LZ9sk7kRT2XAnNCQR6NdcyURAMnGr;;;;;4.07;17;0;401;0;418;95.93;100.0
Hiv8hVBa4s4rh1hYoAoKhyFBkMXEFm8vbbr8xnXQvDmu;;;;;2.09;7;0;328;0;335;97.91;100.0
ANjFQUfPTmV1DcJXLqRzs6EfToQXjDovFfAZoHZeKC11;;;;;0;0;0;302;0;302;100.0;100.0
