program_id;program_name;raiku_category;subcategory;raiku_product;tx_count_30d;success_count_30d;total_fees_sol_30d;priority_fees_sol_30d;total_cu_30d;avg_cu_consumed_30d;median_priority_fee_per_cu_30d;avg_priority_fee_per_cu_30d;p25_priority_fee_per_cu_30d;p75_priority_fee_per_cu_30d;priority_48h_lamports;jito_tip_48h_lamports;total_48h_lamports;jito_share_of_total_48h;jito_share_of_priority_jito_48h;est_jito_tips_sol_30d;est_total_mev_fees_sol_30d;has_30d_data;has_48h_jito_data
11111111111111111111111111111111;System Program;system;core;neither;461951427;310498533;75901.7255;75901.7255;25019225965311;54160;3.8621;13.2212;0.1549;9.6714;41663026;14921440;118954434;12.54;26.37;27183.600454;103085.325954;yes;yes
1avaAUcjccXCjSZzwUvB2gS3DzkkieV2Mw8CjdN65uu;Lavarage USDC Leverage;lending;leverage;potential;70205;63165;5.0972;5.0972;1247919870;17775;2.8214;6.0831;2.5947;4.5271;;;;;;;;yes;no
1oopBoJG58DgkUVKkEzKgyG9dvRmpgeEm1AVjoHkF78;Loopscale;lending;modular;both;;;;;;;;;;;179032;8076;282004;2.86;4.32;;;no;yes
22z4B93dSqzBaAkC7GRkihYbW52EpDqHQULWP219W9LR;;;;;294;294;0.1069;0.1069;55048107;187238;1.055;2.239;0.2399;3.527;;;;;;;;yes;no
23YJWaC8AhEufH8eYdPMAouyWEgJ5MQWyvz3z8akTtR6;;;;;3158;3158;0.0158;0.0158;42103528;13332;0.987;0.7549;0.2896;0.987;;;;;;;;yes;no
24Uqj9JCLxUeoC3hGfh5W3s9FM9uCHDS2SG3LYwBpyTi;;;;;4485;4484;0.0662;0.0662;263496335;58751;0.0755;0.4221;0.0707;0.714;;;;;;;;yes;no
25uXrrL4p6xd9Uk6jQPiFQoipg4nH48Jk7RNUGEcqbg8;Keeper Bot (25uXr);trading_bot;keeper;aot;193342;193342;0.9667;0.9667;2537833868;13126;0.3819;0.3809;0.3787;0.3819;;;;;;;;yes;no
268xoH5VPMgtcuaBgXimyRHebsubszqQzPUrU5duJLL8;;;;;1674;72;0.0084;0.0084;5877564;3511;2.2717;2.061;2.2717;2.2717;;;;;;;;yes;no
26DkA98jjctzPkBEteUsN935CR4dsKx3XvjrtE7MeL4a;;;;;12655;12655;0.1266;0.1266;303351283;23971;0.4692;0.4546;0.3307;0.586;;;;;;;;yes;no
2BKVtbJPi42KRjGQ6LmNApvHvXo89PW1iwnMgimhQeyP;;;;;3816;3816;0.0191;0.0191;481265390;126118;0.0367;0.0421;0.0343;0.0498;0;1945;3227;60.27;100.0;;;yes;yes
2DkBHDXSGeDtZMrW1SvFV3pJAEr8LYRN2UjJ89LKGg2P;;;;;202;202;0.0099;0.0099;10154180;50268;0.6373;0.9888;0.4031;1.0096;;;;;;;;yes;no
2K2374VEqxbFJWycxoj8ub2wBk7KwwnNn7M5V7QsL9r2;;;;;6901;6892;0.0572;0.0572;524624558;76022;0.0984;0.2609;0.0892;0.4553;;;;;;;;yes;no
2KehYt3KsEQR53jYcxjbQp2d2kCp4AkuQW68atufRwSr;;;;;148;88;0.0624;0.0624;7331219;49535;11.3903;24.6723;6.2528;29.0896;;;;;;;;yes;no
2LpxztCB9YjLxPwp8XdkYPtEaQBEkB3ejuDbYtHbkEZ8;;;;;2150;2150;0.0215;0.0215;53247215;24766;0.4034;0.4063;0.4034;0.4035;;;;;;;;yes;no
2M5kinPh6R6ow4287N3SLWLx9mWFKpBq1QfnsGGhQ2no;;;;;1937;1936;0.0097;0.0097;56808563;29328;0.1645;0.1738;0.1645;0.1645;;;;;;;;yes;no
2M86GVGn3AHgAX9afQrYeSEETJBs9qmDtxb3f6kEa87H;Trading Bot (2M86G);trading_bot;arbitrage;jit;156895;3519;4.6;4.6;23939117811;152581;0.1048;0.3748;0.078;0.1545;;;;;;;;yes;no
2QKKmkEbkC1rakibHw1A6oRGWabw22W7jr143oVBti78;;;;;20;20;0.0601;0.0601;1205408;60270;54.3734;52.6035;40.4845;64.9505;;;;;;;;yes;no
2RoWfh3xNtwGGpoXmXAWbVgiqqYiNEb9QrPYshQjRDGu;;;;;;;;;;;;;;;10032;133;10165;1.31;1.31;;;no;yes
2VxcbQDXkbaLHzShMsJGieXGTd239FbNseX1Qx6yLW7V;;;;;;;;;;;;;;;938105;12209;950314;1.28;1.28;;;no;yes
2Z2EJavNVHpBgw8gVSdbtZ3E1kseANRrN8z57dE1BnGe;Unknown Bot (2Z2EJ);trading_bot;mev;jit;;;;;;;;;;;1328018;109844;1437862;7.64;7.64;;;no;yes
2bag6xpshpvPe7SJ9nSDLHpxqhEAoHPGpEkjNSv7gxoF;;;;;10567;10453;0.0528;0.0528;56955682;5390;2;1.4941;0.5076;2.0008;;;;;;;;yes;no
2cTqS8AiqcmCQc3VkEadQdGKgZvbNJVamNkEe4Hh9AmW;;;;;;;;;;;;;;;1979;1287;3266;39.41;39.41;;;no;yes
2e4JmcfcGpLgH4wCWzYxnms5DEiMEJeyE2VbpY4HvMVN;;;;;3070;2999;0.0298;0.0298;270888800;88237;0.1102;0.2381;0.0683;0.2088;;;;;;;;yes;no
2o5Mab8XFN4BYcfrquLJaPGyNiFbUgwNKYBmRVn4UTqj;Unknown DeFi (2o5Ma);defi;unknown;potential;160633;160586;0.8033;0.8033;5639152944;35106;0.1511;0.2766;0.1388;0.164;;;;;;;;yes;no
2qGyiNeWyZxNdkvWHc2jT5qkCnYa1j1gDLSSUmyoWMh8;Elixir Program;defi;liquidity;both;152290;152270;0.7615;0.7615;19698155172;129346;0.0482;0.062;0.0459;0.0489;;;;;;;;yes;no
2snGap4Sehqid8zhufpTmGZbPxWsD1c6ab7rcMaocoou;;;;;10;9;0.02;0.02;3206702;320670;5.689;10.8693;5.6867;5.6919;;;;;;;;yes;no
32Jr4JnXWvqq9GqPQynkooHsszaucUUvZfNLh2hdX2L5;;;;;3237;3237;0.0162;0.0162;106946850;33039;0.151;0.1551;0.143;0.1573;;;;;;;;yes;no
3AQz4t3ShixZWw5vhvkAindHhMco3s12gxgvGuMeh2Yg;Trading Bot (3AQz4);trading_bot;arbitrage;jit;850964;75826;4.7217;4.7217;129614912807;152315;0.0582;0.0929;0.0241;0.1516;;;;;;;;yes;no
3Bd9sJ7oUhM3n71CyzFwsFVQW2cnNtLU68aR7kExZT16;;;;;11495;11489;0.0753;0.0753;681042141;59247;0.1463;0.1795;0.0482;0.2291;;;;;;;;yes;no
3HDqMq5DRYffQVX4brSr5gELz5FbCcn8WoZwFa7MJ2sq;;;;;21;19;0.0083;0.0083;7036045;335050;0.0326;1.3927;0.0252;0.0398;;;;;;;;yes;no
3Hm8UuHLTrPFU8tvUYDX8ZkzYRszYbVLEJozTBGsXYDJ;Unknown DeFi (3Hm8U);defi;unknown;potential;93249;92442;0.4663;0.4663;1314692000;14099;1.1605;0.8207;0.1405;1.2086;89;45487;52265;87.03;99.8;232.683700;233.150000;yes;yes
3JewDFh1NBryPrfcxKpepHks4cUyQPZWsf3DoK1r93ou;;;;;1826;1822;0.0091;0.0091;187537647;102704;0.0445;0.0572;0.0391;0.0693;;;;;;;;yes;no
3KHSHFpEK6bsjg3bqcxQ9qssJYtRCMi2S9TYVe4q6CQc;;;;;4762;4756;0.1876;0.1876;62997366;13229;2.724;2.7884;2.414;2.8111;;;;;;;;yes;no
3NJyzGWjSHP4hZvsqakodi7jAtbufwd52vn1ek6EzQ35;;;;;9094;9093;0.0455;0.0455;270313557;29724;0.2104;0.2222;0.1158;0.3363;;;;;;;;yes;no
3RvG4ZaZPX4RvCAxVHjrNc3U8iN18kxc2PGuYcpjvCkd;;;;;;;;;;;;;;;843;424;1267;33.46;33.46;;;no;yes
3SPZe4P7h5Jjn2cuS5WXS2GpnyLHUQPzAxNLXBGuEb3S;Unknown DeFi (3SPZe);defi;unknown;potential;6556;6556;0.0328;0.0328;1091483358;166486;0.03;0.03;0.03;0.03;;;;;;;;yes;no
3Wn9MScovnLzVB4B8DxtchiPrX7jSanSgvUqSQfBM3MW;Trading Bot (3Wn9M);trading_bot;arbitrage;jit;23921;12999;0.6456;0.6456;1092878351;45687;0.4494;12.8571;0.0857;25.0407;;;;;;;;yes;no
3ZZuTbwC6aJbvteyVxXUS7gtFYdf7AuXeitx6VyvjvUp;;;;;8811;8810;0.088;0.088;85194835;9669;1.1338;1.0702;0.9515;1.218;;;;;;;;yes;no
3am45Ut1oBZZU9qKuodfe4Ck1HB4wkAp7bDkonBhbeAe;;;;;124;97;0.009;0.009;7087875;57160;0.0891;1.2683;0.0822;0.1008;;;;;;;;yes;no
3e4dEo9W7dKa2J2YdG9ymYuVSRn9UHnHXo7XiRtbTgXE;;;;;8947;8947;0.0447;0.0447;33264946;3718;1.3448;1.3448;1.3448;1.3448;;;;;;;;yes;no
3efF8Bd4bhnqttRcLhasjbpUmZZ3E6sDh7heZp2fwHUY;;;;;;;;;;;;;;;0;877;877;100.0;100.0;;;no;yes
3ouc9wzhLNDjvoaorLRRcYKHLrmbX6ZMrJedLhnGjWEL;;;;;;;;;;;;;;;68756;6310;75147;8.4;8.41;;;no;yes
3vxKRPwUTiEkeUVyoZ9MXFe1V71sRLbLqu1gRYaWmehQ;;;;;919;919;0.0652;0.0652;57009168;62034;3.8112;2.9924;0.7613;4.1638;;;;;;;;yes;no
3w1ggZZ4hbi5sfLKSvz3pgh6S6nMQBSBtuzCyFHgnbKi;;;;;4882;4882;0.0244;0.0244;125401433;25686;0.1865;0.5822;0.1104;1.4418;;;;;;;;yes;no
42C9thies2WottySPmi2k93Nq2eP7TUtPZxHVAhicxMP;;;;;1959;1340;0.0098;0.0098;34086101;17400;0.6746;0.739;0.3631;1.1652;;;;;;;;yes;no
42y8Bp3NX2CmSF8roUzPPgRXqWcdvssYsd1eprLqB8Eo;;;;;;;;;;;;;;;0;21976;23138;94.98;100.0;;;no;yes
43mTap3FzFV9ks5wEci9QmkFH23BGiiJPXzUyR5Ceot8;;;;;3812;3811;0.0278;0.0278;126464097;33175;0.1755;0.2221;0.1561;0.3032;;;;;;;;yes;no
44gjgndDaSHTAXxXuQYMEJJ4VkoE8b97o6P59Hhv8DB4;;;;;2178;2166;0.0154;0.0154;131245127;60259;0.1135;0.1206;0.1123;0.1301;;;;;;;;yes;no
45DJvdkD7fiTrhsrNxaWd8jAiWJ1G5S98W7n4Wg8gJdW;;;;;2958;1956;0.0221;0.0221;52974520;17909;0.4547;0.6543;0.367;1.2237;;;;;;;;yes;no
45fCmmKfFjZ1bYu7zHyUPYsfPauQAD1RVinUmBp8DbSb;Trading Bot (45fC);trading_bot;arbitrage;jit;727302;236391;19.4858;19.4858;24993658165;34365;0.9065;2.2117;0.3167;3.7657;;;;;;;;yes;no
48EWpApsQihHzvnq8hRrhn51PJWB1r41HmEyfxLWoNNC;;;;;881;881;0.0088;0.0088;97309254;110453;0.0901;0.0907;0.0887;0.0928;;;;;;;;yes;no
4H9AA9ekBHkh7S5nC9PsVdNcG96a3yeVVjisP6sDHGuo;;;;;7874;7874;0.0394;0.0394;2785422;354;14.6433;14.3366;14.2054;14.6433;;;;;;;;yes;no
4R3gSG8BpU4t19KYj8CfnbtRpnT8gtk4dvTHxVRwc2r7;Jito Tip Distribution;mev;tips_distribution;neither;685742;682714;3.4287;3.4287;51995339894;75823;0.0639;0.0715;0.0639;0.0639;;;;;;;;yes;no
4SWuTCPaVVdVCuJCcdkAzWxB7rngbGnCE6QiFbERopH8;;;;;;;;;;;;;;;0;1204;2356;51.1;100.0;;;no;yes
4TGVS3XzavdmjdEU6axw2Wtzc7iV94HoQo55eHteqrd7;Unknown DeFi (4TGVS);defi;unknown;potential;83397;83354;0.417;0.417;1857610452;22274;0.2243;0.2253;0.2239;0.225;;;;;;;;yes;no
4TyRczJ6eu2cv34uQQorQhS1m91PcEBMCRonmYZomiUA;;;;;3492;3491;0.0177;0.0177;82466301;23616;0.2096;0.2298;0.2096;0.2101;;;;;;;;yes;no
4Wbqb1mAPFfR3oQPfyWJ4vsntNECWXMn8aS7LybkwhWo;Unknown DeFi (4Wbqb);defi;unknown;potential;19462;19441;0.0975;0.0975;1105376086;56797;0.18;0.1788;0.0447;0.2128;;;;;;;;yes;no
4XKv23WzTb9ZpwLCxfQ3k2ChFmQwrUuuazpDKq3ikVSJ;;;;;1516;1446;0.0099;0.0099;101307401;66825;0.0941;0.1017;0.0937;0.0943;;;;;;;;yes;no
4a2fybuHumGgi97uxaM58KrgiHtPqHWsZLZgovRxg8Cp;;;;;;;;;;;;;;;0;2352;7943;29.61;100.0;;;no;yes
4bxPFDT8x38u9rrvh8pM4xjdmj1RgusADcoktHMANbFz;;;;;;;;;;;;;;;13579;129;13892;0.93;0.94;;;no;yes
4fTHVZvo3mp9GvJmgYNtepnd2pJbPwfYuiZ7t6M476Uy;;;;;6564;6564;0.0656;0.0656;106543363;16231;0.6284;0.6703;0.5274;0.8163;;;;;;;;yes;no
4fjiA3BqRSYybXfpMuFzGhq5rSMkUPthGqWQEYKKKXkY;;;;;1151;1149;0.011;0.011;45680021;39687;0.2446;0.249;0.2276;0.2634;;;;;;;;yes;no
4kmzZnRhGBr96GD6Gd7w8AYgg8nTqYQcCwVVVZZhxgTN;;;;;;;;;;;;;;;32545;1858;34507;5.38;5.4;;;no;yes
4mtdvZoV3bccQzx6HgGG3XYfffxMaTrHRPL8KqnTM243;;;;;30110;30094;0.1507;0.1507;211638513;7029;0.7128;0.7165;0.6565;0.775;;;;;;;;yes;no
4pjbtQCpaXFrmT7wcfuCQnAWLCUhRuK9CKQyvou1F5xo;Luck.io Program;gambling;casino;potential;1856735;1856734;37.1347;37.1347;289684186937;156018;0.1593;0.137;0.1009;0.1682;;;;;;;;yes;no
57GQDhcco4bv4Ngcg7gc6huEYepnGU4PZAGHQCFJmjNW;;;;;2656;2651;0.0137;0.0137;168800723;63554;0.0768;0.0915;0.0747;0.0784;;;;;;;;yes;no
59ZAKGD6vibQB3BHMt3Raf3FrDsjwTw8AzMHJGAerjrh;;;;;;;;;;;;;;;7664;1921;10116;18.99;20.04;;;no;yes
5HNxbq5TiMM8YgMHNtLzkMvR6YtJSfkTn857i52aRi1p;;;;;17;17;0.0341;0.0341;4425417;260319;7.7064;7.7021;7.7003;7.7065;;;;;;;;yes;no
5bsFrMYiXMEEkVny2x37J1kK3U6h6RbtYGqxNAAFeSV7;Trading Bot (5bsFr);trading_bot;arbitrage;jit;64913;10972;2.0155;2.0155;9753688773;150258;0.0793;0.2473;0.056;0.1277;;;;;;;;yes;no
5e8WewiqFEkSHQojtdCHMuuEQ6K7x3QWax5fpNMiH7KX;;;;;3923;3921;0.0272;0.0272;213964254;54541;0.2128;0.2275;0.0578;0.3335;;;;;;;;yes;no
5f6jnqJUNkUvWvwuqvTvmbQS1REjSsgTtZ75KercWNnG;;;;;1640;1640;0.0082;0.0082;247799020;151097;0.0331;0.0331;0.0331;0.0331;;;;;;;;yes;no
5hdrbhMZ7qhAu4Jk7DriTQfrx4UC58cLnQ7MANKp2CoK;;;;;344;332;0.0623;0.0623;11393985;33122;0.2917;4.5868;0.13;14.4754;;;;;;;;yes;no
5iF614oQbNriGr34jXMgKC2TUSxGFoqhYVipbn8awvyr;;;;;2775;2473;0.0871;0.0871;446950281;161063;0.2569;0.9559;0.0836;0.3435;;;;;;;;yes;no
5ifgd2hU3y8k1EhuEW2DZRTkFGHCZ3WHsQ1JHL5MCvxZ;Unknown DeFi (5ifgd);defi;unknown;potential;81220;81220;0.4061;0.4061;3563992412;43881;0.1161;0.1142;0.1118;0.1181;0;6316;6322;99.91;100.0;;;yes;yes
5kSXmrbPRwt5vSytzpakADk51QbWgpixnfA1fBcygx91;;;;;;;;;;;;;;;8116;4527;12655;35.77;35.81;;;no;yes
5noZYmNbF6Y9btiFijLtacZTdLTNCoZ5yfbPKamHzTqA;;;;;29088;29088;0.1454;0.1454;578107050;19874;0.2522;0.252;0.2522;0.2522;;;;;;;;yes;no
5tLEJ7TDNdCkoHBEQWYkkiaevrAVdhiJzcmTUEcaTu9;;;;;7;7;0.014;0.014;1766640;252377;7.9445;7.9445;7.9445;7.9445;;;;;;;;yes;no
65VKabrEQy6UDtcrZKmRGpizaZWw3aANKV5XMb3geJng;Unknown DeFi (65VKa);defi;unknown;potential;70272;66118;0.3514;0.3514;2451230621;34882;0.146;0.1439;0.1402;0.1498;10038;1942;11980;16.21;16.21;0.067982;0.419382;yes;yes
675kPX9MHTjS2zt1qfr1NYHuzeLXfQM9H24wFSUt1Mp8;Raydium V4;dex;amm;both;302723;296203;18.4512;18.4512;8653898172;28587;0.1778;2.1551;0.1778;0.1784;126968;24697;651427;3.79;16.28;3.587978;22.039178;yes;yes
6AETLuHNcxjXRotZvSJJJo49hq4uY9f1Cxc9GMGxf1Tg;;;;;;;;;;;;;;;0;7734;9278;83.36;100.0;;;no;yes
6AXRaajKYrh6Q4tKkeD8hXB7D4uUr91wXjhYYHULeLZU;;;;;192;20;0.0827;0.0827;20158122;104990;4.4205;4.559;4.4118;4.4516;;;;;;;;yes;no
6EF8rrecthR5Dkzon8Nwu78hRvfCKubJ14M5uBEwF6P;Pump.fun;dex;bonding_curve;potential;4737978;3216517;121.4407;121.4407;305693802021;64520;0.1667;0.5736;0.0964;0.5969;9899794;248916;14287626;1.74;2.45;3.050023;124.490723;yes;yes
6LtLpnUFNByNXLyCoK9wA2MykKAmQNZKBdY8s47dehDc;;;;;1602;1527;0.0637;0.0637;811067108;506284;0.0312;0.2161;0.0234;0.0739;;;;;;;;yes;no
6QwqgT13oVGhFkMhJwRV6f6nQq52Duy2HqovtiMHaNgs;;;;;7664;7649;0.0407;0.0407;165766687;21629;0.2719;0.2561;0.2668;0.2744;;;;;;;;yes;no
6WPHMhYD7JLAF1HEtC6Ddkn93ADbGtyC93HUh7wy75m2;Keeper Bot (6WPHMh);trading_bot;keeper;aot;301872;301871;1.5094;1.5094;4221721477;13985;0.3701;0.3675;0.3701;0.3701;;;;;;;;yes;no
6YRZW57XsrT2DxSNLXHHQd4QmiqBode4d6btASkRqcFo;;;;;1388;1388;0.0351;0.0351;52601793;37898;0.6663;0.6678;0.66;0.6711;;;;;;;;yes;no
6bES2dKy1ee13HQ4uW4ycw4Kw4od9ziZeWMyAxVySYEd;;;;;6193;6148;0.0311;0.0311;182813361;29519;0.1664;0.1762;0.1512;0.2051;;;;;;;;yes;no
6ia4ftDBGF74eiuQY5YhWqK9A3ffdwqbQdaeLprqnMxm;;;;;;;;;;;;;;;0;1406;2423;58.03;100.0;;;no;yes
6jMi2CRpAA6uah3qzPpCR8SL8MsuAsB9MtCTKkufXkw2;;;;;1176;1093;0.0278;0.0278;102154350;86866;0.0545;0.3558;0.0535;0.0554;42;1608;2287;70.31;97.45;1.062396;1.090196;yes;yes
6k9DQREaFRtefjzMt98tKSVcNUnxLDxma7avzu739q4H;;;;;4386;4385;0.0219;0.0219;96623060;22030;0.2797;0.3104;0.1583;0.525;;;;;;;;yes;no
6m2CDdhRgxpH4WjvdzxAYbGxwdGUz5MziiL5jek2kBma;OKX DEX V2;infrastructure;exchange;neither;;;;;;;;;;;228544;0;237262;0.0;0.0;;;no;yes
6m9TTqMk9RoJxNjGMrTeNAmjewMWfmk2gRYubPDE8x6k;Trading Bot (6m9TT);trading_bot;arbitrage;jit;544373;138811;8.3329;8.3329;84162467740;154604;0.0817;0.1278;0.0686;0.1109;;;;;;;;yes;no
6sbWW8qnrXoNXVMcTGLBQJefuaNcJsuqxztXUegHi4Wq;Unknown Bot (6sbWW);trading_bot;keeper;aot;118644;118358;1.1731;1.1731;1091960971;9204;1.1621;1.2444;0.945;1.2123;;;;;;;;yes;no
6xw9f54fZrCFyhRtNBfA9tzuvwzUfe4DUw33JD1uyyfd;;;;;29646;29646;0.1482;0.1482;46988910;1585;3.1546;3.1546;3.1546;3.1546;;;;;;;;yes;no
6yQ7xPWfRhzNJJLMLyRHXFWVNYPaihaJtMgmXBgFyAdx;;;;;227;223;0.0743;0.0743;8989137;39600;13.6502;8.0121;0.1263;15.1032;;;;;;;;yes;no
741nYipMruTkSC2N1F38yXfMWTDywSCAAhddpXmw6KiX;Unknown DeFi (741nY);defi;unknown;potential;19346;19346;0.0967;0.0967;1577896464;81562;0.0628;0.0667;0.0572;0.0629;;;;;;;;yes;no
79NiGoTLeZUH5YUVDJmyiqFHwDUJFUxSpFxbQpacx7RZ;Unknown DeFi (79NiG);defi;unknown;potential;35432;35169;0.2407;0.2407;1287270707;36331;0.2425;0.2793;0.0929;0.3054;;;;;;;;yes;no
7FaMyGiTVdjm8dd3PxpjjCX15ibbmuE1zWVFX2PHxYUK;Unknown DeFi (7FaMy);defi;unknown;potential;239435;238831;1.1972;1.1972;9225221434;38529;0.2169;0.1886;0.0773;0.2718;;;;;;;;yes;no
7GqLmFAG4j3fzXhPGhGHaYPKD6BWCtfj9Mog8p8Xqwqrjqmo;;;;;;;;;;;;;;;51869;966;52835;1.83;1.83;;;no;yes
7HR9iN2G7EGjKWgryHWahseUMwygKdVzKHm8LBaSbLoe;;;;;;;;;;;;;;;0;450;1163;38.69;100.0;;;no;yes
7SyiQ664tWYCyWyKDftkfLspE85pJrUR4kJQwb6brYb9;Keeper Bot (7SyiQ);trading_bot;keeper;aot;467511;467511;4.7436;4.7436;1172632195;2508;4.1135;4.0951;4.1135;4.1135;0;12140;145024;8.37;100.0;;;yes;yes
7TAvuPyU7cDMhhfXs1yCDZPEEbPuynd7zVeUtQLjfLmZ;Trading Bot (7TAvuP);trading_bot;mev;jit;12155;8478;2.833;2.833;1758721166;144691;0.9542;2.9357;0.3627;3.0346;;;;;;;;yes;no
7XC2zbahfy2ojcEtewCXEqqbHiEijwfXoMDUsL2mHt6L;;;;;;;;;;;;;;;162717;103738;266467;38.93;38.93;;;no;yes
7bgvkyKyHvgHdNCTKhheHBYCnvu7BQsBKHAGWNX2jk7D;Arbitrage Bot (7bgvk);trading_bot;arbitrage;jit;;;;;;;;;;;1613383;387;1614170;0.02;0.02;;;no;yes
7dNDKN621rXdL1Zec3UZB6VbaKsJ98Gi7g6cpPyTRCVY;;;;;;;;;;;;;;;0;4884;9598;50.89;100.0;;;no;yes
7k2GqkxfcfTicAosECH2gxytXpG1xCXLMk4TEPCaukLy;;;;;;;;;;;;;;;0;1224;1302;94.01;100.0;;;no;yes
7mSqZcYPUGm99M6sGpNRHjorbB1NPF3ThyTpEjhkKzKF;;;;;3402;3402;0.017;0.017;65994553;19399;0.2541;0.2866;0.2405;0.2571;;;;;;;;yes;no
7pz2QJ8RV11pKiKGmCFRonqFnz8UEj7ZJrFdKUA5K1Cp;;;;;30249;30220;0.3025;0.3025;550760255;18208;0.5739;0.5962;0.4228;0.7662;;;;;;;;yes;no
7szZ58G7rZwQ578LZ9sk7kRT2XAnNCQR6NdcyURAMnGr;;;;;;;;;;;;;;;0;401;418;95.93;100.0;;;no;yes
7vWTrZc7uprTwqvynFafKPb8sgJqGE1vQguvmowRX2fx;;;;;;;;;;;;;;;0;1016;1018;99.8;100.0;;;no;yes
7wuFcHkbVckS6nMqZ5pg6ykmw5uWTqzvqK1gdb8xGdp4;Unknown DeFi (7wuFc);defi;unknown;potential;19340;19249;0.7371;0.7371;1578897947;81639;0.14;0.2441;0.1391;0.1427;;;;;;;;yes;no
7xiamgXLjjKPsAJMWq7UHCyjJWCgqY4oBXTieqzd8Te1;Unknown DeFi (7xiam);defi;unknown;potential;261773;261773;1.3089;1.3089;26098443244;99699;0.0442;0.0662;0.0419;0.0559;;;;;;;;yes;no
85iDfUvr3HJyLM2zcq5BXSiDvUWfw6cSE1FfNBo8Ap29;;;;;22542;22541;0.1127;0.1127;958094359;42503;0.2382;0.2023;0.0884;0.2712;;;;;;;;yes;no
8SDTDjFz1HmP7qzUZE6QaBuUqQ2eHwXabHJQwqDQok48;;;;;9117;9108;0.0475;0.0475;464626643;50963;0.1139;0.1373;0.0772;0.1375;13272;2053;20453;10.04;13.4;0.007350;0.054850;yes;yes
8Ue7UGaqgk9GR3YphyDMe9TX4rdUqsbVXfPcFbzM5LDE;Arbitrage Bot (8Ue7U);trading_bot;arbitrage;jit;7640868;21375;65.7464;65.7464;2818079918736;368817;0.02;0.0334;0.0137;0.039;;;;;;;;yes;no
8VWm29HWNAftJJnGpL7rqVcyShbB1TSZmweaMec7V7no;;;;;5219;4822;0.0261;0.0261;97663923;18713;0.2538;0.3182;0.2279;0.3339;;;;;;;;yes;no
8Ynw96G4yZQJ1NUX2ZKYmQkkmgXEAeGfkGrahGnWwtxM;;;;;15153;15153;0.0758;0.0758;259029957;17094;0.2939;0.2928;0.2939;0.2939;;;;;;;;yes;no
8aquaCPqbpsWvHdpfhTgfBg8eJWqNZKQgyYzzFXCdRkH;Aqua Protocol;defi;vault;potential;163323;163323;0.8168;0.8168;22288644663;136470;0.041;0.0446;0.028;0.0574;46422;12095;90579;13.35;20.67;0.212823;1.029623;yes;yes
8cRoD59SHLfJee9E2HV9VpneWaYwHFnTT2PPuYRHd2Jt;;;;;;;;;;;;;;;936;648;1584;40.91;40.91;;;no;yes
8hNZpgaL74ozyYhKeFuipGioaoRRKKvS7oMjFBDATmzf;;;;;9503;9503;0.095;0.095;206243665;21703;0.5205;0.491;0.3713;0.5893;;;;;;;;yes;no
8jaLKWLJAj5jVCZbxpe3zRUvLB3LD48MRtaQ2AjfCfxa;Trading Bot (8jaL);trading_bot;arbitrage;jit;1488372;1473963;7.4447;7.4447;112167200401;75362;0.066;0.078;0.0599;0.0731;;;;;;;;yes;no
8kJBErpatzi1AapVvF1AfwspAJ3k611WdQqE48JmVxAv;Unknown DeFi (8kJBE);defi;unknown;potential;14142;14051;0.1419;0.1419;1682363503;118962;0.0843;0.0853;0.0809;0.0873;;;;;;;;yes;no
8oW6xW4TLvPgC7qgoo4MH8Qjhvif5mVevVKbFkXoqUM8;;;;;;;;;;;;;;;0;333;884;37.67;100.0;;;no;yes
8p6MKtMGGugZMy2HGXtL3uBb11y7xuzXmbMbQgNmWVUQ;;;;;5937;4417;0.0298;0.0298;138546966;23336;0.1954;0.2957;0.1647;0.4473;;;;;;;;yes;no
8r2jms1vAnHhtCWxDNSgiHvQNSzzJvGa9oBRCbBPCBNN;;;;;2270;2270;0.0227;0.0227;44167814;19457;0.5437;0.5282;0.483;0.5942;;;;;;;;yes;no
8vyQNK6fdpWRLNiz2Qmr8JfYPzCx7PgULbKJL2u3CxEL;;;;;;;;;;;;;;;0;2983;9379;31.81;100.0;;;no;yes
8yTntpZWSiB46T73tQ7V6uUuKQK8SdMXYPsz28nb2dnA;;;;;;;;;;;;;;;0;2104;3117;67.5;100.0;;;no;yes
8yvD3vvuJdXCaxuVKSc81SNgox3vcXfXgLCJii8WKBvU;;;;;2176;2171;0.0117;0.0117;344325343;158238;0.032;0.0349;0.0295;0.034;48650;949;49599;1.91;1.91;0.000228;0.011928;yes;yes
8zPmKwY3Wv9yVoP6xZnzkAUJX5BeqM7aVMDZio4PBDyb;;;;;9;9;0.018;0.018;2381283;264587;7.5783;7.5778;7.5783;7.5784;;;;;;;;yes;no
95yfdYsWNr5C9adCCFogMQKSxRCr1ByQnvPazAYicvdC;;;;;;;;;;;;;;;0;4671;4671;100.0;100.0;;;no;yes
962kiGMxNLM6w1ZtozcJGZTWrBvqqQfWFZFCS6vHgKus;;;;;1613;1613;0.0564;0.0564;31830438;19734;1.7714;1.7722;1.7714;1.7714;;;;;;;;yes;no
98DUyVx41ogvrJXi7svM8GbcwTgaitNF1pJ1vZZ6hPHS;;;;;6188;5108;0.6429;0.6429;586698801;94812;0.0657;0.6771;0.0657;0.0657;;;;;;;;yes;no
99vQwtBwYtrqqD9YSXbdum3KBdxPAVxYTaQ3cfnJSrN2;Relay Bridge;bridge;cross_chain;aot;86625;81360;0.6594;0.6594;1767551397;20405;0.3758;0.4029;0.3261;0.3769;;;;;;;;yes;no
9Du1kkHrjKCVqbtKoxVVQnKxBX3vJMiEKc9sBtbgkC3L;;;;;;;;;;;;;;;150639;12850;164472;7.81;7.86;;;no;yes
9GCBb4NsSDRuEkkGfQkN37oppmMVPops5sXDWhAKAvQQ;Trading Bot (9GCBb);trading_bot;arbitrage;jit;46538;106;35.9314;35.9314;5385565137;115724;0.0638;11.4908;0.0348;10.2821;456871;2437;661592;0.37;0.53;0.191451;36.122851;yes;yes
9H6tua7jkLhdm3w8BvgpTn5LZNU7g4ZynDmCiNN3q6Rp;HumidiFi;dex;prop_amm;aot;293889528;182505143;1593.5173;1593.5173;89751781592;305;29.2738;87.9438;10.3277;193.3153;8845277;1244929;10201046;12.2;12.34;224.321281;1817.838581;yes;yes
9KLLchQVJpGkw4jPuUmnvqESdR7mtNCYr3qS4iQLabs;;;;;12829;12821;0.0641;0.0641;65905768;5137;1.6863;1.487;1.6863;1.6863;;;;;;;;yes;no
9KuRi5CasX6XWCK846nhfRQmW32g6uuFdfaBkfxjgMpG;Unknown DeFi (9KuRi);defi;unknown;potential;57073;57043;0.5708;0.5708;6486666808;113656;0.0888;0.0885;0.0837;0.0936;;;;;;;;yes;no
9MpyReg1njAH4WnD7RusZuvjGEZM3YSFevytHRmJNA43;;;;;;;;;;;;;;;0;107;547;19.56;100.0;;;no;yes
9SFU2obpHc5rxsRPJuK2Rs6sVNmK5FVnEr4xwVCdgnqx;;;;;17;17;0.0341;0.0341;4373547;257267;7.7951;7.7935;7.787;7.7997;;;;;;;;yes;no
9SmGhxjLJfnatg8Xu1Ff2QM7vNMDbsbLWFwBeEzXtnBX;;;;;1679;6;0.084;0.084;156937096;93471;0.5134;1.0593;0.4466;0.5665;;;;;;;;yes;no
9VX8EKBg6vM6tA68xaDsPkbrx26XConZjkQmhVApUptc;MEV Bot (9VX8);trading_bot;mev;jit;1617230;1617020;9.2307;9.2307;860734975;532;10.4741;10.7568;10.4697;11.2606;;;;;;;;yes;no
9cqmzK6tbYamubkrZFWANuuzzEGQkjQLEyKgUX8SNnt7;;;;;94;1;0.9538;0.9538;11720604;124687;8.6485;184.8673;1.1403;190.6198;;;;;;;;yes;no
9ddjzqYhSTMHaBrrKukRXRfy4WzHUPjdX88uPXZ7MXyn;Unknown DeFi (9ddjz);defi;unknown;potential;18393;18393;0.092;0.092;1206737816;65609;0.0767;0.0765;0.0743;0.08;;;;;;;;yes;no
9i7QdbBHx7fjLAAaFfcDRgkdS4oNfKv8duzyE27a1kJ6;MEV Bot (9i7Qd);trading_bot;mev;jit;5905;5724;119.7285;119.7285;886200923;150076;0.0462;122.5381;0.0318;67.9615;306379;2252;3510049;0.06;0.73;0.880445;120.608945;yes;yes
9m7YMBgQaxYpUwrjLvS6AA3FmGH83qXgifA5aF5VbEue;Unknown DeFi (9m7YM);defi;unknown;potential;43396;43316;1.6327;1.6327;6077887714;140056;0.9308;0.6436;0.2432;0.9308;;;;;;;;yes;no
9qoRv2KG7r9jnbwJ1mtL5UmL4SR3qVYc3DaxReMS51ZD;;;;;;;;;;;;;;;55232;1079;56311;1.92;1.92;;;no;yes
9vJvSurs8pwRR4PzPYkTJ76As9srzXQu8zTTHGfAoSRm;;;;;2113;2067;0.0106;0.0106;115299054;54567;0.0827;0.1013;0.0751;0.1279;;;;;;;;yes;no
9w1D9okTM8xNE7Ntb7LpaAaoLc6LfU9nHFs2h2KTpX1H;;;;;14493;14493;0.0725;0.0725;381974868;26356;0.1967;0.1908;0.1867;0.2006;64938;286;76571;0.37;0.44;0.000320;0.072820;yes;yes
9xGcpt1J7GmxHotFNvh9KCc2Rqm4QznT9iCoRAw7ssDs;;;;;;;;;;;;;;;2328;4010;8149;49.21;63.27;;;no;yes
9zWqf5jhauvxMc9RETXD9xbaMBrJpzPzGB6PR34Ksq6Z;;;;;20;16;0.0401;0.0401;4909524;245476;6.693;18.7778;6.6815;6.7662;;;;;;;;yes;no
A1akazamWUPTYbXJyGPXDi27K8RqVXNAZ4g2KzYmw4hq;;;;;6633;5947;0.0535;0.0535;956605800;144219;1.1018;0.7527;0.0139;1.102;;;;;;;;yes;no
A1oayh35gLkRG8fHcXtfdGJmbsubAeJA7URVVET3h8MZ;;;;;73;20;0.5143;0.5143;20216554;276939;28.21;26.0055;25.7022;28.21;;;;;;;;yes;no
A22URFxrKkdWaQ3q51NbzDc4pGjh29UNU9WdHna5QDa5;;;;;9953;349;0.1174;0.1174;179055804;17990;0.695;0.7966;0.6928;0.6985;;;;;;;;yes;no
A85mbYhhsC5X8Qz1hJbt5RfD4uptLtkgkRQGvhgQ8AT7;;;;;25467;25467;0.1273;0.1273;300303289;11792;0.424;0.424;0.424;0.424;;;;;;;;yes;no
A8g42Cw2RHEQztHTV18g3PcZYspyFLXzZPceAsF9gcux;;;;;;;;;;;;;;;63938;50939;115985;43.92;44.34;;;no;yes
A95jD3nCCc9AeXhbYEYLeJ1owLG8hErfuLri9W1BRqTf;;;;;10;6;0.0193;0.0193;2661540;266154;4.746;27.3144;4.7445;61.6354;;;;;;;;yes;no
AAitAzLaqgPoLsEjdb6RaRbBShxPWpyJRHxokc2Zsat8;;;;;204;202;0.0382;0.0382;7320945;35887;0.2156;4.8397;0.1237;14.7478;;;;;;;;yes;no
AButzjf4rTRL7WerjnruW6Vbvab9iFujcJCsm4E3nwc8;;;;;4322;4321;0.0226;0.0226;94612406;21891;0.2389;0.2396;0.2389;0.2389;;;;;;;;yes;no
ABysS3ZZpCoz3hy7d8HEaQMSBRE9Ykwb3NDBhj6B8FpB;;;;;8352;8352;0.0418;0.0418;1027296;123;40.6504;40.6504;40.6504;40.6504;;;;;;;;yes;no
AEyodoBDx5vgvEpWLUbNRMYHrSJ113uW2A8avE3GEB7X;Unknown DeFi (AEyod);defi;unknown;potential;210687;210562;3.8714;3.8714;9867314065;46834;0.1311;0.5453;0.1205;0.1407;0;6513;24282;26.82;100.0;;;yes;yes
AMMJdEiCCa8mdugg6JPF7gFirmmxisTfDJoSNSUi5zDJ;;;;;4420;4420;0.0221;0.0221;134501004;30430;0.1666;0.1661;0.1666;0.1682;;;;;;;;yes;no
AMMSgtnttAKx5Ad2Y1socKJ3CcQYCB2ctg8U2SAHcVEx;;;;;6012;6011;0.0301;0.0301;312626654;52000;0.0924;0.1011;0.0924;0.1081;;;;;;;;yes;no
AN225jmTP34SF2ttCuLTWG6XwasvjHp1LRzbZ1ztVmgy;;;;;;;;;;;;;;;1689;1270;4719;26.91;42.92;;;no;yes
ANjFQUfPTmV1DcJXLqRzs6EfToQXjDovFfAZoHZeKC11;;;;;;;;;;;;;;;0;302;302;100.0;100.0;;;no;yes
APR1MEny25pKupwn72oVqMH4qpDouArsX8zX4VwwfoXD;APR Protocol;defi;yield;aot;78294;77806;0.9236;0.9236;10894951404;139154;0.0727;0.103;0.0631;0.1301;;;;;;;;yes;no
AQZdYsg36tEn8ZJ7RKSSLbUSLoGPBi71TCLruCDepYom;Luck.io Program;gambling;casino;potential;84970;84956;0.4249;0.4249;5362823267;63114;0.0719;0.0895;0.069;0.0899;;;;;;;;yes;no
ARBTRGgcwmy3VS2W9YaauL7FSMBmB41cJ8EkfWGo8D6c;Arbitrage Bot (ARBTR);trading_bot;arbitrage;jit;188841;188841;0.9442;0.9442;39053988152;206809;0.024;0.026;0.0207;0.03;101169;48461;149630;32.39;32.39;0.452339;1.396539;yes;yes
ATokenGPvbdGVxr1b2hvZbsiqW5xWH25efTNsLJA8knL;Associated Token;system;token;neither;125329467;112424065;1230.003;1230.003;14582382587071;116352;0.0549;0.1284;0.0445;0.0834;93351390;10591181;143607888;7.38;10.19;139.558296;1369.561296;yes;yes
AUMinudJ3Qnq75vEev6Q39HpbBhAum4raVWct3s4QcZD;;;;;1364;1364;0.009;0.009;91733188;67253;0.2093;0.1804;0.0388;0.2941;;;;;;;;yes;no
AURAsuSzLv3v8SX3Y7emMFzGTWiepJK3Sm4x77GB9n1G;;;;;148;92;0.0627;0.0627;3744643;25302;1.1427;259.9365;0.1288;41.9199;;;;;;;;yes;no
AUREUSL1HBkDa8Tt1mmvomXbDykepX28LgmwvK3CqvVn;;;;;2905;2808;0.0145;0.0145;94086518;32388;0.1442;0.3106;0.1167;0.3893;;;;;;;;yes;no
AWyHupJb5LBjgcAjDaLmLMRbj72dX4kTtnvNpbrMqpFF;;;;;;;;;;;;;;;77092;6632;83724;7.92;7.92;;;no;yes
AZipysY3PXDM61RJzdnP4UtWR3tVgM9kGdxXwLbjP41S;Unknown Bot (AZipy);trading_bot;trading;jit;30435;30072;0.9981;0.9981;567485170;18646;3.7341;2.6763;0.4227;3.7506;;;;;;;;yes;no
AddressLookupTab1e1111111111111111111111111;Address Lookup Table;system;address_lookup;neither;772605;755042;4.7559;4.7559;7131893483;9231;0.6462;0.8402;0.4845;0.8099;120696;668;165338;0.4;0.55;0.026302;4.782202;yes;yes
AeDvuJTj2ewCQdPZj7Y26hM89gcUETWaXHRGzcQgDUuz;;;;;10545;10545;0.1055;0.1055;106076541;10059;0.8989;1.0697;0.8976;0.9064;;;;;;;;yes;no
AeKgrTd7wEmuCbaJAbx22HKamgKdjTp9HujUy1oFd7VG;;;;;28818;28818;0.1441;0.1441;493628508;17129;0.2888;0.2989;0.2664;0.34;;;;;;;;yes;no
AgYZo5JeGsmG4qVKadyNX3C6WaNsgJcs2k8QGFfcqQQd;;;;;;;;;;;;;;;0;11039;11039;100.0;100.0;;;no;yes
AgdxtGStJsyCZAZvZChtnTtaK774e3Yf2QWdq8gSfLuc;;;;;3261;3261;0.0163;0.0163;190434572;58398;0.1425;0.1263;0.047;0.1875;;;;;;;;yes;no
AnCCJjheynmGqPp6Vgat9DTirGKD4CtQzP8cwTYV8qKH;Whale Bot (AnCCJ);trading_bot;mev;jit;823;823;0.786;0.786;97441597;118398;2.5444;7.9545;0.8983;7.7656;;;;;;;;yes;no
Arbi3VGvZy8ZDQGqREi2YFkGUgdxbstgNa3E7QGsrQ5J;;;;;;;;;;;;;;;3586;570;12732;4.48;13.72;;;no;yes
Arcj82pX7HxYKLR92qvgZUAd7vGS1k4hQvAFcPATFdEQ;;;;;3072;1045;0.0154;0.0154;210049636;68376;0.2043;0.258;0.0361;0.2173;;;;;;;;yes;no
AtomCf57Gdp49TDf2q6w7ypqEwPEaCCpxbpTdD4RmDQt;Arbitrage Bot (AtomC);trading_bot;arbitrage;jit;15512;15466;0.0857;0.0857;2222603394;143283;0.0344;0.0426;0.0314;0.0421;;;;;;;;yes;no
B1osUCap5eJ2iJnbRqfCQB87orhJM5EqZqPcGMbjJvXz;;;;;3518;1556;0.0203;0.0203;42368795;12043;0.5863;0.5924;0.3524;0.6186;;;;;;;;yes;no
B1sFgxd4X7WSw9622AoWna7YoweSm9oXARL2Dk5vtBAs;;;;;33;33;0.0352;0.0352;1595644;48353;2.4161;17.2863;2.4109;2.4161;;;;;;;;yes;no
B4cUJzpPVNKdnjnN7x7MhhXzJT5Z9SpteFp3JK3Y7bow;;;;;;;;;;;;;;;0;1771;1771;100.0;100.0;;;no;yes
B98Jqm7nogHiidnrLZZYvSwTtZScqmzmsEZdKtuddMkT;;;;;10547;9421;0.1052;0.1052;799691934;75822;0.1417;0.142;0.108;0.1505;;;;;;;;yes;no
B9J9SDcXLBwpRq9JS9q9KJtsaYsermtddMeo9LojTLJQ;;;;;9500;9500;0.0475;0.0475;243985108;25683;0.2161;0.2011;0.1699;0.2311;;;;;;;;yes;no
BASKT7aKd8n7ibpUbwLP3Wiyxyi3yoiXsxBk4Hpumate;;;;;346;282;0.0332;0.0332;38098015;110110;1.4957;3.7929;0.6339;4.0298;;;;;;;;yes;no
BBbD1WSjbHKfyE3TSFWF6vx1JV51c8msKSQy4ess6pXp;;;;;68;68;0.0111;0.0111;2951507;43405;2.6362;3.6793;2.5427;6.4549;;;;;;;;yes;no
BDHztFsD45xQDfwEg2rGyZjQPaMeDm9Lxg25LBxBeyA1;;;;;2498;2495;0.015;0.015;196429771;78635;0.0716;0.1616;0.0601;0.1305;;;;;;;;yes;no
BFYDcwRC2CqnvSpd3ES9WUieSYk4FtGJwhuyMVintbGQ;Unknown Bot (BFYDc);trading_bot;trading;jit;;;;;;;;;;;90743;32;92174;0.03;0.04;;;no;yes
BGUMAp9Gq7iTEuizy4pqaxsTyUCBK68MDfK752saRPUY;Bubblegum;nft;compressed_nft;potential;4745277;4660820;31.8233;31.8233;361547089774;76191;0.091;0.1007;0.0687;0.109;301932;2092;687539;0.3;0.69;0.221106;32.044406;yes;yes
BHMPLPwX2DgxNe9EiyNqMqTfYXtRfaQLpD3USaYnQexp;;;;;2291;2284;0.0191;0.0191;152853121;66719;0.2839;0.2672;0.0473;0.4514;;;;;;;;yes;no
BHidyz25KWkNPdTHgeANzMg25MM2KEiNnG4yE5F46XUz;;;;;3428;3334;0.0171;0.0171;66769201;19478;0.2594;0.2582;0.2594;0.2595;;;;;;;;yes;no
BLZRi6frs4X4DNLw56V4EXai1b6QVESN1BhHBTYM9VcY;;;;;;;;;;;;;;;70696;1285;74303;1.73;1.79;;;no;yes
BLocKecQFEYSaKyfXx9gbwqYnV1GqSD1VQZ1zLqFsSh;;;;;5553;5538;0.0278;0.0278;172397059;31046;0.1818;0.2279;0.1361;0.2388;;;;;;;;yes;no
BLzDYkUcxzBv6ne24N2YyPECoYTvDTKaukbbEemKASc4;;;;;186;10;0.1093;0.1093;31063990;167011;0.9184;3.5545;0.6428;1.6335;;;;;;;;yes;no
BMBpXq5RaoRf5pGsQpuwjcozaLF2TuNCmYKKcFJjFiFS;;;;;2924;2924;0.0146;0.0146;383433608;131133;0.0373;0.039;0.0362;0.0384;;;;;;;;yes;no
BMbP6rg3HDT9Y22s9JCwYtC9vW4RfuojhdqHfsErEGhH;;;;;;;;;;;;;;;30254;23055;55229;41.74;43.25;;;no;yes
BMvZumCsba7rdQZt2b8A2S1RyKgciqekKb4EwGYRUfyh;;;;;3132;3132;0.0313;0.0313;206662473;65984;0.1537;0.1516;0.1449;0.1559;;;;;;;;yes;no
BPFLoaderUpgradeab1e11111111111111111111111;BPF Loader;system;program_deployment;neither;6536712;6535257;33.6757;33.6757;16197459750;2478;2.1097;2.0846;1.8897;2.1097;;;;;;;;yes;no
BSfD6SHZigAfDWSjzD5Q41jw8LmKwtmjskPH9XW1mrRW;;;;;3030;3030;0.0152;0.0152;243359251;80317;0.0656;0.0632;0.0557;0.0703;;;;;;;;yes;no
BXsPawZ6SgjwAKsDq5ZN39ApU7vphpr2nRvhz1y8P2WL;;;;;5621;5618;0.0315;0.0315;189710822;33750;0.2704;0.2091;0.1001;0.2796;;;;;;;;yes;no
BXxgGt3akAghZviYHLh8KUh6vhXBht5wf86De6huTp95;;;;;;;;;;;;;;;54;5318;12198;43.6;98.99;;;no;yes
BanDz6p8Sy3gzm3r8VUNVGQhR8tzPJFbVgZjzspArU6;;;;;7259;7255;0.0363;0.0363;444904181;61290;0.0879;0.1236;0.0725;0.0979;;;;;;;;yes;no
Bf21oiCfZ9ErBPax1B9AeB23S9ajZjcUgECCsDeh6N1f;;;;;;;;;;;;;;;4813;492;5305;9.27;9.27;;;no;yes
Bgo4vNe3vxRv37j8mmQarJo8vbjHEKgkhJDZzxiizBid;Trading Bot (Bgo4v);trading_bot;mev;jit;144545;31872;87.1235;87.1235;11399878982;78867;6.5964;35.2665;4.3869;69.9587;;;;;;;;yes;no
BhJiMfRrxYXDhm73tL5neTJbWkkyfH6DbR8od2smYtJj;Unknown DeFi (BhJiM);defi;unknown;potential;37475;37461;0.1874;0.1874;2431086422;64872;0.0769;0.0772;0.0766;0.0775;;;;;;;;yes;no
BhdU135mdBb1V7jcKdAZoFueNMLMeAtAbBgUZehqRte7;;;;;2078;2078;0.0104;0.0104;77319233;37208;0.1763;0.1603;0.1328;0.1976;;;;;;;;yes;no
BiSoNHVpsVZW2F7rx2eQ59yQwKxzU5NvBcmKshCSUypi;BisonFi;dex;prop_amm;aot;110080380;60719942;983.3864;983.3864;33845444687;307;32.6337;83.3669;11.5116;104.9967;1452880;148253;1601296;9.26;9.26;100.354398;1083.740798;yes;yes
BidUuhFU1wyjgmpTv4YMQrqzersavZLJRnsgpw3i4k88;;;;;2853;2815;0.0143;0.0143;121663479;42644;0.1679;0.1717;0.1662;0.1698;;;;;;;;yes;no
BkSqG9ni5R47X7QynNTzhQoHve5TCX4qHPQxsmLV2sfV;;;;;2174;2174;0.0109;0.0109;16637846;7653;0.742;0.6884;0.6142;0.8027;;;;;;;;yes;no
BqYjRiMGYHMfKTwwra7Lg8eMxEKF3oJiTkPEwir1hw3s;Unknown DeFi (BqYjR);defi;unknown;potential;40981;40935;0.2049;0.2049;1871396417;45665;0.1275;0.1287;0.0762;0.164;;;;;;;;yes;no
Bscr7gaUhPMt4j8ugbsQyk4R8mVLMJS7q2U9AsnXLgjb;;;;;1776;1776;0.0089;0.0089;21764038;12255;0.408;0.408;0.408;0.408;;;;;;;;yes;no
BwRZQcpiqQrQkpfWJDxzcpojPRmTB21FoVQYkcZBBReo;Trading Bot (BwRZQ);trading_bot;arbitrage;jit;139344;10095;2.0238;2.0238;25354571677;181957;0.032;0.1183;0.0231;0.0746;;;;;;;;yes;no
BxM2ipMbq66MuCdSDgjxMpc3cPUvoAP6V3rw6ntTH;;;;;;;;;;;;;;;582306;675;582981;0.12;0.12;;;no;yes
BzKgd9G8JXPPC91yrYfSQcHfQsgiARwGETH4VQYfGB8p;Trading Bot (BzKgd);trading_bot;arbitrage;jit;71100;10173;1.5539;1.5539;10167345838;143001;0.0812;0.2272;0.0569;0.1326;;;;;;;;yes;no
C4PcYp1KVrU6sXkiYGwc9rAHZXnVTfqsM1Ek5zFw4DEf;;;;;3258;3258;0.0163;0.0163;235301173;72223;0.0643;0.0888;0.0496;0.0811;;;;;;;;yes;no
C7QLEmDz81Usvy2sYa4xZSdA8EwEcYvZo8iuYZMaqXmj;Unknown DeFi (C7QLE);defi;unknown;potential;131699;131455;0.9597;0.9597;9134549276;69359;0.0671;0.2694;0.0581;0.2275;;;;;;;;yes;no
C984fX81weV2zrfG97Hc6aKHk2YyPr2uZbQdo3GRungW;;;;;5225;5220;0.0261;0.0261;162772736;31153;0.1603;0.1619;0.1603;0.1603;;;;;;;;yes;no
CAMMCzo5YL8w4VFF8KVHrK22GGUsp5VTaW7grrKgrWqK;Raydium CLMM;dex;clmm;both;98552;94070;1.1694;1.1694;7911418300;80277;0.0668;0.1578;0.064;0.0811;10817920;350238;12981012;2.7;3.14;0.037910;1.207310;yes;yes
CCTPV2Sm4AdWt5296sk4P66VBZ7bEhcARwFaaS9YPbeC;;;;;1306;1262;0.1336;0.1336;235512313;180331;0.0344;0.5218;0.0258;1.4797;;;;;;;;yes;no
CCTPV2vPZJS2u2BBsUoscuikbYjnpFmbFsvVuJdgUMQe;;;;;4255;4243;0.1142;0.1142;210532768;49479;0.2135;0.5375;0.2017;0.6449;;;;;;;;yes;no
CCTPiPYPc6AsJuwueEnWgSgucamXDZwBd53dQ11YiKX3;Circle CCTP v2;bridge;cross_chain;potential;8759;8737;0.6898;0.6898;549571690;62744;0.2814;1.2674;0.1805;0.3123;;;;;;;;yes;no
CCTPmbSD7gX1bxKPAmg77w8oFzNFpaQiQUWD43TKaecd;Circle CCTP;bridge;cross_chain;potential;6804;6716;0.8734;0.8734;1206569600;177332;0.0393;0.9826;0.0263;0.1464;4076;5;4739;0.11;0.12;0.001049;0.874449;yes;yes
CFU3XT4yiuERvM4298sGWuWFxMRmJkeyganCQ3WtuMK3;;;;;;;;;;;;;;;0;118348;118371;99.98;100.0;;;no;yes
CFjLE5589EiPZvPFiSx7QgktBH8ZTkkGJU2dL7qbJU2a;;;;;573;573;0.019;0.019;29742468;51907;0.5942;0.7125;0.5283;0.6812;;;;;;;;yes;no
CM9y2DreJSMqzoRRrLkWEZzTB9ve5D4gQHcPPxrw8mxg;;;;;1866;1865;0.0093;0.0093;10830745;5804;0.8621;0.8619;0.8621;0.8621;;;;;;;;yes;no
CMACYFENjoBMHzapRXyo1JZkVS6EtaDDzkjMrmQLvr4J;;;;;7180;7176;0.0359;0.0359;230530104;32107;0.189;0.1669;0.1202;0.1908;;;;;;;;yes;no
CMAGAKJ67e9hRZgfC5SFTbZH8MgEmtqazKXjmkaJjWTJ;;;;;2179;2146;0.0216;0.0216;156501714;71823;0.1348;0.1471;0.1348;0.135;;;;;;;;yes;no
CPMMoo8L3F4NbTegBCKVNunggL7H1ZpdTHKxQB5qKP1C;Raydium CPMM;dex;amm;both;137331;112234;2.2581;2.2581;4437635876;32313;0.1416;0.4921;0.1415;0.1609;352250;9765;798392;1.22;2.7;0.062661;2.320761;yes;yes
CREWiq8qbxvo4SKkAFpVnc6t7CRQC4tAAscsNAENXgrJ;;;;;1400;1398;0.014;0.014;594464786;424618;0.0158;0.109;0.0137;0.2763;;;;;;;;yes;no
CRGhjZGv6ttKt8AiqEZd2ZBW7Kp14zXUKjUykoR29LbN;;;;;1412;1411;0.013;0.013;86935808;61569;0.1537;0.2185;0.1351;0.2358;;;;;;;;yes;no
CRSHdMVmWgRsarrRWnRXWKMxJhLEUheiU6SEhqCLS4Gm;Unknown Bot (CRSHd);trading_bot;trading;jit;99363;99354;1.0011;1.0011;473041978;4761;2.1494;2.2727;1.5631;2.9836;;;;;;;;yes;no
CRSeeBqjDnm3UPefJ9gxrtngTsnQRhEJiTA345Q83X3v;Unknown Bot (CRSee);trading_bot;trading;jit;78708;77846;5.4249;5.4249;1447839247;18395;2.8668;3.7816;2.8663;4.6341;;;;;;;;yes;no
CRhtqXk98ATqo1R8gLg7qcpEMuvoPzqD5GNicPPqLMD;;;;;5431;5431;0.0272;0.0272;71437012;13154;0.4075;0.388;0.3697;0.4282;;;;;;;;yes;no
CSgoqaRA4ckXXDZRfS87hCSPsAuST7KSeyx8okT49cM;;;;;4100;4100;0.0615;0.0615;76762555;18723;0.851;0.8329;0.7157;1.0391;;;;;;;;yes;no
CUQUKjGUv2bsNTAR9Bh9tF7njVE1Q3bkGWbkmsH2mqKx;;;;;;;;;;;;;;;0;3140;3142;99.94;100.0;;;no;yes
CWgkFB7ngUc9cGD1LryyhP7h6xYWtwrAjhSKKCoR1gkz;;;;;20866;20866;0.2087;0.2087;347208095;16640;0.5948;0.6369;0.488;0.8124;;;;;;;;yes;no
CZcvoryaQNrtZ3qb3gC1h9opcYpzEP1D9Mu1RVwFQeBu;;;;;1898;534;0.0095;0.0095;12633216;6656;0.7733;1.0029;0.587;1.5011;;;;;;;;yes;no
Ccip842gzYHhvdDkSyi2YVCoAWPbYJoApMFzSxQroE9C;;;;;178;151;0.1237;0.1237;39844690;223847;0.6215;3.4681;0.3215;8.6021;;;;;;;;yes;no
CdqN1SG856NhbZ9EW3RZRkPi7trjHfNx9RKZPUcgqjqf;Unknown DeFi (CdqN1);defi;unknown;potential;63513;63513;0.3176;0.3176;1511217412;23794;0.2108;0.2102;0.2071;0.2128;;;;;;;;yes;no
Ceu4aCcSV624aRGUoWt2pPd5YuLZM4gyos7kyrPrpGG1;Arbitrage Bot (Ceu4a);trading_bot;arbitrage;jit;2618539;2428337;14.3194;14.3194;242921007820;92770;0.0698;0.0939;0.0556;0.145;;;;;;;;yes;no
CfRi7DTfAzDnU3NQzv2zwUksJ7mw98VQUdfErGo6gzMU;;;;;34275;34266;0.1714;0.1714;266551545;7777;0.7163;0.6785;0.5887;0.7958;;;;;;;;yes;no
Cg5KzXuJSeKxu8TkU4r9gNRpdqkWej4bBp5jzj4NDx8v;;;;;;;;;;;;;;;44119;659;44778;1.47;1.47;;;no;yes
ChainWorksznk6gZyzGHUAxVUNuc79wznbf3DGnVxgyh;;;;;574;328;0.0289;0.0289;57009323;99319;0.0421;5.2726;0.0288;0.739;;;;;;;;yes;no
ChuyiaWFij7fHuCGaYPKD6BWCtfj9Mog8p8Xqwqrjqmo;;;;;;;;;;;;;;;0;75066;299280;25.08;100.0;;;no;yes
Cmv6fTsiNdLkVR2zSge7B9oFGf7LS6F4zteA73331XW8;;;;;;;;;;;;;;;0;2812;2812;100.0;100.0;;;no;yes
CndyV3LdqHUfDLmE5naZjVN8rBZz4tqhdefbAnjHG3JR;;;;;2289;2289;0.0115;0.0115;92850776;40564;0.131;0.1306;0.1099;0.1326;;;;;;;;yes;no
CoREENxT6tW1HoK8ypY1SxRMZTcVPm7R94rH4PZNhX7d;Metaplex Core;nft;infrastructure;neither;169143;167962;1.2267;1.2267;2868882835;16961;0.5858;0.6118;0.4472;0.7485;;;;;;;;yes;no
ComputeBudget111111111111111111111111111111;ComputeBudget;system;core;neither;2584804691;1892932961;149934.5702;149934.5702;187181817728893;72416;0.1802;13.8684;0.0736;2.6807;170783359;11226253;195570232;5.74;6.17;9859.280594;159793.850794;yes;yes
CoqTVH4YViufSd8idZ7WwndUQUDWnTT6yERGjXfjQd52;Trading Bot (CoqT);trading_bot;arbitrage;jit;920575;44555;10.0668;10.0668;149942672542;162879;0.0694;0.0713;0.0618;0.0788;;;;;;;;yes;no
CrUptMreyezRbdHJbeZ5sMJ9idiSuMUJpdchQzY6NFjL;;;;;11547;11543;0.0577;0.0577;850621581;73666;0.0685;0.0683;0.0657;0.0711;;;;;;;;yes;no
Crf6uiMVHpuqkQzE2FkWWces3xiYaTbTsFYPDSeNWksM;Arbitrage Bot (Crf6u);trading_bot;arbitrage;jit;;;;;;;;;;;100476;761;102371;0.74;0.75;;;no;yes
CroWg74XNDF8UMnAZVbXx49iVj7iJ7b4CsqTCVWF7aK;Arbitrage Bot (CroWg);trading_bot;arbitrage;jit;610706;35987;47.9159;47.9159;91662820230;150093;0.2455;0.6237;0.1307;0.4674;;;;;;;;yes;no
CyahQUBnG86tAjrjCefx7gJWfbmvG7YVMooaMmCxDLva;Unknown DeFi (CyahQ);unknown;defi;potential;16563;12938;0.716;0.716;986477769;59559;0.6202;2.6316;0.2011;1.6049;;;;;;;;yes;no
CzUNkVCDJ889YsKsruFA1nNsjLgvrSdpf8RuL4aJvkdw;;;;;;;;;;;;;;;361;9500;10010;94.91;96.34;;;no;yes
D2kzByMY3DcqMhoYNTYKhzU2oDMW5hfPiawgrqizV1sg;;;;;;;;;;;;;;;0;668;1651;40.46;100.0;;;no;yes
D4aBeFn9DBhU41kFNvr9kVKRuBy858ATxwTevmJCCJYL;Automated Bot (D4aB);trading_bot;keeper;aot;1022852;1022852;10.2772;10.2772;3523654289;3445;3.1299;3.1297;3.127;3.1368;;;;;;;;yes;no
D8C8iW6zmoKg5TRr8nQ7h14TMWqQX8FiBdj2ju5MF3wa;;;;;417;417;0.0158;0.0158;45741781;109693;0.067;0.2315;0.0633;0.0698;;;;;;;;yes;no
DCA265Vj8a9CEuX1eb1LWRnDT7uK6q1xMipnNyatn23M;jupiter;;;;3415;3395;0.0201;0.0201;320616610;93885;0.05;0.0679;0.0474;0.0598;245282;0;258368;0.0;0.0;;;yes;yes
DDZDcYdQFEMwcu2Mwo75yGFjJ1mUQyyXLWzhZLEVFcei;;;;;3576;3486;0.0179;0.0179;127445955;35639;0.1412;0.1684;0.1354;0.1427;;;;;;;;yes;no
DEGNpUs8DhLSdDiU25BAmCQn2U6eN8nMAYwbLb41BPqY;DeGods/DeLabs;nft;marketplace;potential;11659;11526;0.4879;0.4879;737777456;63280;0.7747;0.787;0.7266;0.803;;;;;;;;yes;no
DERP2sf1Nak1R7s5HVgQD9WcQM1X9CKh5Ru5PNafAsPg;;;;;4552;4524;0.0228;0.0228;722659880;158757;0.0311;0.0392;0.0275;0.0339;;;;;;;;yes;no
DF1ow4tspfHX9JwWJsAb9epbkA8hmpSEAtxXy1V27QBH;DFlow Aggregator v4;dex;aggregator;both;12211;10371;0.1254;0.1254;2504305718;205086;0.0437;0.2083;0.0373;0.0521;11557340;5735;12149713;0.05;0.05;0.000063;0.125463;yes;yes
DF6c7dTBdZ9cb59pywKAVwy5NMSXiSfmXzYNwYFPNz9F;;;;;2067;1927;0.2993;0.2993;272640615;131902;0.7754;1.3359;0.4008;1.2164;;;;;;;;yes;no
DGgwXnCW9ERZoqEbk47Z1Ny7tHmpptFLzBmq9ydua259;Trading Bot (DGgwX);trading_bot;arbitrage;jit;119012;86040;0.5951;0.5951;1878608040;15785;0.7547;0.7263;0.6041;0.9498;;;;;;;;yes;no
DHFkF589sftXMvirmVGoMPk9rjkvUEiRTJvdT7yYXdmu;;;;;;;;;;;;;;;0;67400;98915;68.14;100.0;;;no;yes
DHFkF589sftXMvirmVGoMPk9rjzvUEiRTJvdT7yYXdmu;;;;;1908;1908;0.0095;0.0095;18725955;9814;0.5361;0.5283;0.4666;0.6035;;;;;;;;yes;no
DKLsYHdYyeeQjyLTUDSRxswMTi1NhUUUWX2wqFHQDXpC;;;;;6326;6326;0.0633;0.0633;6740494;1066;9.4251;9.3856;9.3197;9.4251;;;;;;;;yes;no
DLv3NggMiSaef97YCkew5xKUHDh13tVGZ7tydt3ZeAru;;;;;18516;18129;0.0934;0.0934;186172521;10055;0.9181;0.8836;0.9181;0.9181;;;;;;;;yes;no
DRSw8uSW9De7eCKSM9qXm7aD2QKrvcJnA7Hf4Uu3ezYM;;;;;886;1;0.0737;0.0737;101893858;115004;0.0916;0.736;0.0423;0.1942;;;;;;;;yes;no
DSTNyVLdoKxTYSjzCQ5191wozVChdVD8qCcFWZwMMX37;;;;;7194;7194;0.036;0.036;409901247;56978;0.0894;0.089;0.0828;0.0951;;;;;;;;yes;no
DSw5ibYPfvZH3VxCCwBWFNndu1pGTAkKfb6M1h9zwD8E;;;;;2125;201;0.0106;0.0106;38210800;17982;0.3388;3.3039;0.3144;1.2937;;;;;;;;yes;no
DSzxC6BtqPfVmMCjNacNasdE6LgWYj1aB6VVoAaPubYL;;;;;8768;8768;0.0438;0.0438;117117397;13357;0.3744;0.3743;0.3743;0.3744;;;;;;;;yes;no
DT3X9y2w3S13M4GiQNbMtsrYeA9eEZpLg6frM4V28at5;Automated Bot (DT3X);trading_bot;keeper;aot;1087584;1087584;21.635;21.635;8922970834;8204;2.4093;2.4254;2.4093;2.4402;692;64754;406204;15.94;98.94;2019.402736;2041.037736;yes;yes
DWjukc21WN3jZX2SduhRS45tahoH5GCmw784cyTmbiT;;;;;;;;;;;;;;;0;1867;2154;86.68;100.0;;;no;yes
DbTjBdpz5Mz4QTEm1EyHkyQQ6gsS3btRAvydoE8bZfAx;;;;;4472;4471;0.0224;0.0224;178618691;39942;0.1278;0.1292;0.1199;0.136;;;;;;;;yes;no
DeJBGdMFa1uynnnKiwrVioatTuHmNLpyFKnmB5kaFdzQ;;;;;21800;19192;0.109;0.109;616429403;28277;0.1815;0.1997;0.1721;0.1829;;;;;;;;yes;no
DmfUp9sjqVW4uf89X5T1bq1rWw1MzuWjZvZpDpjnW6Ju;;;;;2517;2516;0.0164;0.0164;110827325;44032;0.1324;0.15;0.1087;0.2119;;;;;;;;yes;no
DoVEsk76QybCEHQGzkvYPWLQu9gzNoZZZt3TPiL597e;jupiter;;;;;;;;;;;;;;369314;112170;672528;16.68;23.3;;;no;yes
Dpe4s2p9FfNPvCkQp58iwVVyAStC7JdRbSYSH1qvDFJY;;;;;9374;9374;0.0937;0.0937;137110400;14627;0.6876;0.6841;0.6876;0.6876;0;2195;2195;100.0;100.0;;;yes;yes
DuvqY5mxjbyc7J8XqDfbGhHXCPdQfCohkr4W5P865fgh;;;;;1996;345;0.026;0.026;274674101;137612;0.0729;0.1044;0.0556;0.0987;;;;;;;;yes;no
DvtCHYizicjpX3dSLkXVsS1Y5RGRHGahGirAsRjVbEVg;;;;;;;;;;;;;;;52890;9259;62151;14.9;14.9;;;no;yes
E2uCGJ4TtYyKPGaK57UMfbs9sgaumwDEZF1aAY6fF3mS;;;;;;;;;;;;;;;735879;178689;914676;19.54;19.54;;;no;yes
EAA5YxYCFjLo8werxQDJDV6TRjbdXNkq89o5qmsyuBcm;;;;;158;157;0.014;0.014;9526286;60293;1.4872;1.6763;1.2509;2.2442;;;;;;;;yes;no
EAe3ag4gUU3Dncn5rW8MCFunhgR5CzH751aPaamA4Kzg;;;;;;;;;;;;;;;0;297;594;50.0;100.0;;;no;yes
EBgFGVhURVjFudGD84L1Ag59x3etohaBLtqwXRbcwrxJ;;;;;;;;;;;;;;;0;3938;9407;41.86;100.0;;;no;yes
ECMijTJd3GQDiS5qtsKcaUZgXNyK6Z99UnDxwtdR9ech;;;;;42222;42222;0.2111;0.2111;945772800;22400;0.2232;0.2232;0.2232;0.2232;;;;;;;;yes;no
ECPPeiMVPo6BeoP67vkhLgDMbMtnVNzpGEQJb1kcTpbE;;;;;80;0;0.1075;0.1075;2370993;29637;47.8289;45.3875;44.0919;50.2962;;;;;;;;yes;no
EEEEoTnDmkwqpcxNMg4yoa9QFJpp4NEgzGykzi1cHrM9;;;;;6045;6045;0.0601;0.0601;410964828;67984;0.1482;0.1478;0.1454;0.1489;;;;;;;;yes;no
EG1BjZMraQcrHoPkR4qXs2T2trCarQH5nfJV7VjUUnkN;;;;;2915;2915;0.0146;0.0146;19695236;6757;0.7444;0.743;0.7444;0.7444;;;;;;;;yes;no
EG67mGGTxMGuPxDLWeccczVecycmpj2SokzpWeBoGVTf;;;;;2821;2821;0.0141;0.0141;362626247;128545;0.0463;0.0465;0.0272;0.0656;;;;;;;;yes;no
EKLFRXRLJo1tFnTMdShD1y8nMQcArtxchktBQjVHXPSX;;;;;3430;3393;0.0172;0.0172;44625466;13010;0.5118;0.4864;0.2771;0.6923;;;;;;;;yes;no
EMBERpYNE6ehWmXymZZS2skiFmCa9V5dp14e1iduM5qy;;;;;6451;6360;0.0323;0.0323;222248149;34452;0.145;0.152;0.1445;0.1453;;;;;;;;yes;no
EMa5knjCt8rrNXvVUiSHLPkrkxHvMNrg2R2HDchRDzDY;;;;;5017;4968;0.0257;0.0257;156603917;31215;0.1645;0.2405;0.1135;0.3412;;;;;;;;yes;no
ENicYBBNZQ91toN7ggmTxnDGZW14uv9UkumN7XBGeYJ4;Helio Program;payments;processing;aot;24666;24204;2.1382;2.1382;1833715207;74342;1.3243;1.324;0.9511;1.4503;;;;;;;;yes;no
EQYRmLmkE7G7a2WQyojwrXg4SeguypCdnbm3ecncizsd;;;;;1405;1403;0.0108;0.0108;23800503;16940;0.5991;0.5688;0.3506;0.5991;;;;;;;;yes;no
EW9GwxawnPEHA4eFgqd2oq9t55gSG4ReNqPRyG6Ui6PF;;;;;2779;2779;0.0139;0.0139;15928653;5732;1.165;0.9923;0.7948;1.165;;;;;;;;yes;no
EXBuYPNgBUXMTsjCbezENRUtFQzjUNZxvPGTd11Pznk5;;;;;900;885;0.0774;0.0774;21908431;24343;5.9288;10.107;2.3507;18.6459;;;;;;;;yes;no
EXbMTNLdyeUpvbdpSmzFsfvJZbSisKVXgKr6NHWyFLs3;;;;;;;;;;;;;;;0;1053;2940;35.82;100.0;;;no;yes
EZ64Ht81uhNiUqHBeZSYpF8usX9TuXw6Rc65qBkdz38L;;;;;;;;;;;;;;;605;401;1006;39.86;39.86;;;no;yes
Ed25519SigVerify111111111111111111111111111;Ed25519 Sig Verify;system;signature_verify;neither;5996222;5973683;66.0878;66.0878;96655504365;16119;0.9193;0.8777;0.9193;0.9193;;;;;;;;yes;no
EfRMrTJWU2CYm52kHmRYozQNdF8RH5aTi3xyeSuLAX2Y;;;;;29;29;0.0581;0.0581;9574287;330148;6.0739;6.073;6.0711;6.0739;;;;;;;;yes;no
EhUtRgu9iEbZXXRpEvDj6n1wnQRjMi2SERDo3c6bmN2c;;;;;3634;3607;0.1675;0.1675;58650132;16139;12.2902;9.6009;6.5959;13.7294;;;;;;;;yes;no
EmTX93xYtDE3h7G5EF2m9VRPE1UT1XBoohpVmEzE4oEU;Keeper Bot (EmTX9);trading_bot;keeper;aot;153016;153013;1.4393;1.4393;980044599;6405;1.5531;1.9755;1.5451;3.0973;14856;8620;77728;11.09;36.72;0.835194;2.274494;yes;yes
Eo7WjKq67rjJQSZxS6z3YkapzY3eMj6Xy8X5EQVn5UaB;Meteora Pools;dex;amm;both;14517;12042;0.5564;0.5564;1387352630;95567;0.2244;0.411;0.0626;0.8149;;;;;;;;yes;no
EoV4Bsncqw1MDobAyobTkvu2dFJqP3PLa5jidoF74eSa;;;;;4093;3742;0.0205;0.0205;233470518;57041;0.0835;1.0009;0.0783;0.0888;;;;;;;;yes;no
EpjnUueXY3MmZZw2n8FobumsJpZN6kTUB8mREr2SKXRW;;;;;;;;;;;;;;;4471;943;6297;14.98;17.42;;;no;yes
EtrnLzgbS7nMMy5fbD42kXiUzGg8XQzJ972Xtk1cjWih;Phoenix Eternal;dex;orderbook;both;639724;419513;9.386;9.386;1783591536;2788;15.625;17.3027;15.535;23.4341;176753;241110;1805905;13.35;57.7;12.803125;22.189125;yes;yes
EwPFrmLWXTTwoCXYRiLWXXfd4VjRBnQsEvisDVT5GAR7;;;;;;;;;;;;;;;0;324;970;33.4;100.0;;;no;yes
Ewkv3JahEFRKkcJmpoKB7pXbnUHwjAyXiwEo4ZY2rezQ;;;;;11316;4316;0.0688;0.0688;297123634;26257;0.3763;0.366;0.3626;0.3827;;;;;;;;yes;no
Exp715biUyVV6Gu8qdk5jjTWQatwSEvXHG4LPpZP761e;;;;;93;84;0.1865;0.1865;28702204;308626;6.213;8.7407;6.2129;6.213;;;;;;;;yes;no
ExponentnaRg3CQbW6dqQNZKXp7gtZ9DGMp1cwC4HAS7;Exponent Finance;defi;yield_trading;both;;;;;;;;;;;406;308;28009;1.1;43.14;;;no;yes
F2rSwpfYCTWiBGmPTkk2zbMMiF6A1wRGjBUB1XxzoGBf;Unknown DeFi (F2rSw);defi;unknown;potential;202708;202707;1.0135;1.0135;3701811968;18262;0.2748;0.2743;0.2728;0.2759;;;;;;;;yes;no
F5tfvbLog9VdGUPqBDTT8rgXvTTcq7e5UiGnupL1zvBq;;;;;;;;;;;;;;;2455;24365;26820;90.85;90.85;;;no;yes
F6KwbonKLyLNbD1SfWDwKN3T3BUxK3Pguy3yxWtxo9w9;Whale Bot (F6Kwb);trading_bot;mev;jit;1403;1182;1.9415;1.9415;160906726;114688;0.0585;178.5803;0.0372;17.2853;;;;;;;;yes;no
FAdo9NCw1ssek6Z6yeWzWjhLVsr8uiCwcWNUnKgzTnHe;;;;;;;;;;;;;;;50515;1498;76412;1.96;2.88;;;no;yes
FBLPCK5w3wxpfxsdZfBcRfQCSXcC9x2cmocYHb5K6EZc;;;;;8;8;0.016;0.016;2436836;304605;6.5858;6.5823;6.5771;6.5862;;;;;;;;yes;no
FCW1uBM3pZ7fQWvEL9sxTe4fNiH41bu9DWX4ErTZ6aMq;;;;;2887;2887;0.0917;0.0917;122698906;42500;0.7967;0.7474;0.7411;0.8099;;;;;;;;yes;no
FD1amxhTsDpwzoVX41dxp2ygAESURV2zdUACzxM1Dfw9;Arbitrage Bot (FD1am);trading_bot;arbitrage;jit;;;;;;;;;;;263069;0;263069;0.0;0.0;;;no;yes
FDF8AxHB8UK7RS6xay6aBvwS3h7kez9gozqz14JyfKsg;Trading Bot (FDF8A);trading_bot;mev;jit;16256;16226;3.5993;3.5993;447365100;27520;9.1515;8.0007;9.1515;9.1527;;;;;;;;yes;no
FEeSA5Er5hR9B6GFnu59MGcWazERt7jfaCkzGuQxs2XT;;;;;21;21;0.0901;0.0901;990318;47158;112.7176;96.4515;112.7176;112.7176;;;;;;;;yes;no
FFdpqnoTK9nydQo86AbSdTohcbhs9yd8CQ2kpL4C4hTc;;;;;;;;;;;;;;;0;1064;1064;100.0;100.0;;;no;yes
FHKBuiohcYB5n636h7UmHahRGU5UCHX8CSb6DNSUqX65;RevShare Vault;defi;vault;aot;236553;236206;1.1828;1.1828;7316972612;30932;0.1756;0.1697;0.1626;0.1804;;;;;;;;yes;no
FL1PkYoxafDzNSHBR48GNnkX54bk6V5YXewiz81ZcWos;Unknown DeFi (FL1Pk);defi;unknown;potential;121208;121180;0.606;0.606;1352470146;11158;0.4194;0.4707;0.3792;0.6077;;;;;;;;yes;no
FLASH6Lo6h3iasJKWDs2F8TkW2UKf3s15C8PMGuVfgBn;Flash Loan Protocol;lending;flash_loan;both;76820;73206;1.7292;1.7292;8589782865;111817;0.0721;0.2614;0.0484;0.1254;340808;150;343494;0.04;0.04;0.000692;1.729892;yes;yes
FLASHX8DrLbgeR8FcfNV1F5krxYcYMUdBkrP1EPBtxB9;Flash Trade;perps;perpetuals;both;1595320;1518113;7.9766;7.9766;140164344902;87860;0.0562;0.1677;0.0438;0.0835;13864556;29309;15461593;0.19;0.21;0.016786;7.993386;yes;yes
FLEET1qqzpexyaDpqb2DGsSzE2sDCizewCg9WjrA6DBW;;;;;3000;2929;0.015;0.015;467737559;155913;0.0261;0.0528;0.026;0.0686;;;;;;;;yes;no
FN7VBkUMMEgtLttUX8HH1GeK8oXvCkgKkZPjdoyEeN4U;;;;;;;;;;;;;;;169127;2112;171239;1.23;1.23;;;no;yes
FQpPbY4Ny2wevcgw9v3bDu43S8V3cRwQuPtvg55dhqRS;;;;;89;89;0.0311;0.0311;22735341;255453;0.754;1.3581;0.3732;1.5016;;;;;;;;yes;no
FR1SDyLUj7PrMbtkUCkDrBymk5eWrRmr3UvWFb5Kjbmd;Trading Bot (FR1SD);trading_bot;mev;jit;3847;3812;0.6437;0.6437;143626775;37335;5.3238;5.0232;4.6504;5.5904;;;;;;;;yes;no
FRQTSSQMb9Gd2L2tVHzsgW75z3GWZvTMHrNoBbdVESXt;;;;;;;;;;;;;;;0;583;1265;46.09;100.0;;;no;yes
FTV1kbDLaeVM4LG4vHrVu2qdt2cXazYTXWWUi1xFAJdK;Unknown DeFi (FTV1k);defi;unknown;potential;594879;593202;3.8392;3.8392;64431933238;108311;0.0373;0.2001;0.0335;0.3863;;;;;;;;yes;no
FTV2J5PDkJAJynkiDEvX3LXPQ7RTVaHuYGYRDRXoHpXE;;;;;19205;16225;0.096;0.096;458972410;23899;0.201;0.3042;0.1596;0.2276;;;;;;;;yes;no
FW6zUqn4iKRaeopwwhwsquTY6ABWLLgjxtrC3VPnaWBf;WhaleStreet;dex;prop_amm;aot;24;0;0.1311;0.1311;2583774;107657;69.683;48.1869;26.5784;71.8021;;;;;;;;yes;no
FXMNBxE9r4o5SxMi8vJrKNp1CNgtwUspHiPrspTPn96P;;;;;3403;3403;0.034;0.034;195823640;57544;0.1737;0.1738;0.1737;0.1737;;;;;;;;yes;no
FarmsPZpWu9i7Kky8tPN37rs2TpmMrAZrC7S7vJa91Hr;Farms Protocol;defi;yield;aot;32028;32007;1.1093;1.1093;2896472328;90436;0.1679;0.4327;0.1386;0.2879;;;;;;;;yes;no
FcZaM5sHBjG2rhosQSP8uUGJpWUucMBz7mnvjk8Chmzn;;;;;;;;;;;;;;;0;2178;2178;100.0;100.0;;;no;yes
FdDd6eCKiRTUDnQ9o466pDnpcks6kwPCVc1uqcMdScAf;Unknown Bot (FdDd6);trading_bot;trading;jit;341203;341202;4.1742;4.1742;4335071382;12705;1.0737;1.097;0.7476;1.3455;;;;;;;;yes;no
FgwFgSsLMLpvGBUvXgkko86cJh6R8CWuv3RAQpDAiR8z;;;;;;;;;;;;;;;3409;444;3853;11.52;11.52;;;no;yes
FitAFk15vtx2PBjfr7QTnefaHRx6HwajRiZMt1DdSSKU;;;;;4787;4787;0.0895;0.0895;71086415;14850;0.8748;1.6345;0.8745;2.8766;;;;;;;;yes;no
FmmpibCiLk5s9um96xmZGxFcXn5M7dvdZsduf3v4L4Rg;;;;;6098;6098;0.0305;0.0305;130457928;21394;0.2513;0.2652;0.1967;0.342;;;;;;;;yes;no
FrLmhMwyYQJVivt2EsVZwEEVspxoVhYj22Cxxst4hWVf;;;;;;;;;;;;;;;12310;6911;22551;30.65;35.96;;;no;yes
FsU1rcaEC361jBr9JE5wm7bpWRSTYeAMN4R2MCs11rNF;Unknown Bot (FsU1r);trading_bot;mev;jit;;;;;;;;;;;2097374;468085;2573869;18.19;18.25;;;no;yes
FsWxHsafrajWKW5YZTT76D8sYCAVfbA4iNoPxNFQqUet;Arbitrage Bot (FsWxH);trading_bot;arbitrage;jit;85322;85322;0.4305;0.4305;11170721865;130924;0.0384;0.0406;0.033;0.0445;0;39519;39596;99.81;100.0;;;yes;yes
FtyzXdj1NRexpX3WJqxs4qaqo2S2LehiRPyPY9hWDarn;Trading Bot (Ftyz);trading_bot;arbitrage;jit;634970;611085;18.0624;18.0624;15186197862;23916;0.6141;1.4892;0.4014;1.0164;;;;;;;;yes;no
Fy1YwPariTjcEZMrmDaYDwxPKWTsR7z3HjqyS2zrr87g;;;;;6948;3;0.0417;0.0417;874330399;125839;0.0625;0.0644;0.0371;0.0816;;;;;;;;yes;no
G1gWiF8QpAYsBr55RzPR2QLJ4xesaKv67aZeo9zUrtix;TIX Program;nft;ticketing;neither;42760;42742;0.2159;0.2159;3584372902;83825;0.0596;0.0608;0.0585;0.0597;;;;;;;;yes;no
G2E4eoenFMirpFKRfHNo2koDP7mrhnNWVwxyHASSpjQD;Trading Bot (G2E4e);trading_bot;arbitrage;jit;123864;484;83.6638;83.6638;18747362373;151354;2.9397;4.9915;1.2405;6.9971;440186;5736;445922;1.29;1.29;1.093367;84.757167;yes;yes
G2GMMDKkw3LXXNRNLyLMy3myki3yi7tjdyxbBbGrBqrg;;;;;2024;1839;0.2165;0.2165;255425504;126198;0.0923;1.0554;0.0619;0.7062;;;;;;;;yes;no
G3z6yQqLP1q2JqFqEwND6rTX3vsnzzr3Vv16pMoSdkcx;SolPump Crash Program;gambling;crash;potential;69388;69388;3.5611;3.5611;789828598;11383;0.4398;4.4162;0.4396;0.4413;;;;;;;;yes;no
G77G9wS9JzkzWNGwQjUhRswbA5N8hYKpCK4TZRj9G1Pw;Keeper Bot (G77G9);trading_bot;keeper;aot;77952;77952;1.0923;1.0923;837952235;10750;3.1008;2.7058;2.8647;3.1761;;;;;;;;yes;no
GFzXiEhiRauw6k59L15zz4UJ9ZANaF5gpPtxEaYCo8jv;;;;;5385;2387;0.0269;0.0269;286885056;53275;6.7015;3.8677;0.0416;6.9832;;;;;;;;yes;no
GH8Ya8jNnovpKH6r4YUiZGmfmv2t4onak1D4Bng4Vudw;Unknown DeFi (GH8Ya);defi;unknown;potential;117870;117855;4.0986;4.0986;23896542791;202736;0.1689;0.1735;0.1651;0.1711;;;;;;;;yes;no
GKtyK68R4jAVDu9pZrZAdvHq8vo7R51WTRjU5SHt2fMa;;;;;9169;9101;0.0918;0.0918;414282339;45183;0.129;0.2813;0.1152;0.3993;;;;;;;;yes;no
GMGNreQcJFufBiCTLDBgKhYEfEe9B454UjpDr5CaSLA1;Arbitrage Bot (GMGNr);trading_bot;arbitrage;jit;;;;;;;;;;;264423;0;265191;0.0;0.0;;;no;yes
GMgnVFR8Jb39LoXsEVzb3DvBy3ywCmdmJquHUy1Lrkqb;;;;;;;;;;;;;;;531781;22406;561111;3.99;4.04;;;no;yes
GReEN7h1Dcd845BNMz46gJjyzpruguwT75yfuLY1ZURj;;;;;;;;;;;;;;;140939;55444;227716;24.35;28.23;;;no;yes
GUAx5MKATvSf9udMT6TvZmomQ6Qyr85ZEdaEazk9kZiv;;;;;3064;3059;0.0299;0.0299;35225823;11497;1.0368;0.9954;1.0355;1.1181;;;;;;;;yes;no
GVGCNqUUrix5RLph9kVtzdMYkZLEvzvHEkYvC6vJ9dzZ;;;;;12269;12269;0.0614;0.0614;891404895;72655;0.0677;0.0804;0.0645;0.0705;;;;;;;;yes;no
Ga71KgdYh4vWoRZrmtFbqNVGWGA3njQPS58vV8z8PSdp;;;;;2441;2441;0.0122;0.0122;48698368;19950;0.2616;0.2719;0.2424;0.3218;;;;;;;;yes;no
GasB9dNMfXGXysMeTjQnnAnN38RmbrphtH5dkkWnMMvQ;;;;;3358;3358;0.0171;0.0171;26935616;8021;0.647;0.6388;0.6445;0.6499;;;;;;;;yes;no
GekCNWDH4dMHZ8RWgN4w9KycNfb7AdM5cLe6w4E39Y46;Unknown DeFi (GekCN);defi;unknown;potential;7118;7118;0.0356;0.0356;1155879092;162388;0.0314;0.0324;0.0268;0.0377;0;3470;5549;62.53;100.0;;;yes;yes
GfyUP9mziko4u381SeLBb4D2ijTH4a9ruzBiA2hQAmwr;;;;;4099;4099;0.0205;0.0205;86405343;21080;0.2522;0.2449;0.2299;0.2573;;;;;;;;yes;no
GkyTKJDSHzMRLxXfmTmiD1zgbMwGg2Z6ktCYx3qX4Bif;;;;;;;;;;;;;;;8541;4914;13471;36.48;36.52;;;no;yes
GnsXPmmSVJoUS9dB4m9a3819jpZNY7pS4jVUtCfutTwY;Unknown DeFi (GnsXP);defi;unknown;potential;42390;42385;0.212;0.212;1228639240;28984;0.1581;0.2218;0.1321;0.3523;;;;;;;;yes;no
GovER5Lthms3bLBqWub97yVrMmEogzX7xNjdXpPPCVZw;;;;;1272;1265;0.0199;0.0199;58245673;45791;0.3979;0.6126;0.0653;1.0816;;;;;;;;yes;no
GovaE4iu227srtG2s3tZzB4RmWBzw8sTwrCLZz7kN7rY;Governance Program (Gova);governance;dao;neither;34987;34963;0.228;0.228;1217392046;34796;0.1528;0.1876;0.1442;0.1532;;;;;;;;yes;no
GpCJTW1MvkvEyVVx5HPooFRwz7tp5SG7FReebpMxfJER;;;;;;;;;;;;;;;6649;725;7544;9.61;9.83;;;no;yes
GpQUqzphxhR5vpyihR27X45iSGeSKruzd8BHj2WU4fYx;;;;;1906;1868;0.0095;0.0095;67119938;35215;0.147;0.1467;0.1338;0.151;;;;;;;;yes;no
GsaJ3CwKWKHFkN8cSzrzEQ48B4CumHNhjTgGnKVju3eU;;;;;;;;;;;;;;;0;4939;8920;55.37;100.0;;;no;yes
Gx4uQRXudq7oacjfCoVMHY1pszPQEGn7BNwmdKX1XTa3;;;;;5619;4960;0.0281;0.0281;122338518;21772;0.3249;0.2988;0.2828;0.3505;;;;;;;;yes;no
H1CowKLj2dTkf7wQ7jtNH9djSADta1RAM3g3kKy2re2L;;;;;;;;;;;;;;;2;1272;1274;99.84;99.84;;;no;yes
H8QkYXA9HoZxRUJk3ZaM8u5emibGxEAGDCH54FG9NLe4;;;;;;;;;;;;;;;0;231991;232145;99.93;100.0;;;no;yes
HDwcJBJXjL9FpJ7UBsYBtaDjsBUhuLCUYoz3zr8SWWaQ;Wormhole Program;bridge;cross_chain;potential;630031;628155;9.3315;9.3315;246345485541;391005;0.0127;0.1623;0.0126;0.0263;;;;;;;;yes;no
HFn8GnPADiny6XqUoWE8uRPPxb29ikn4yTuPa9MF2fWJ;Kamino Scope Price;oracle;price_feed;aot;90980;83243;12.8814;12.8814;21218615603;233223;0.141;0.7408;0.0698;0.3821;259080;2;259157;0.0;0.0;;;yes;yes
HLCorec4bsTSiyzskDuAqrqD5NXDZeLhdvWqs7wjWRx5;Helium Core;iot;network;potential;24362;24331;1.2614;1.2614;1579498051;64834;0.7946;0.8071;0.7107;0.8702;;;;;;;;yes;no
HLZs9XgTLYAcb76gXUXuMW5JYugBpvxBSD1m5zarTgS7;;;;;3599;3592;0.018;0.018;77348744;21492;0.2242;0.2646;0.1975;0.3419;;;;;;;;yes;no
HMq2uadrCJru2bhP1DJrVmjLM7pySS9rP5FGQjg5GULP;;;;;1255;1245;0.012;0.012;64820026;51649;0.1636;0.2112;0.144;0.3064;;;;;;;;yes;no
HQ2UUt18uJqKaQFJhgV9zaTdQxUZjNrsKFgoEDquBkcx;;;;;2283;2281;0.0164;0.0164;280464260;122849;0.0398;0.3962;0.0383;0.0414;;;;;;;;yes;no
HYTuofQSW1WQnBKGa7zJfccPjoveLKDxCUiZvjRB5ep7;;;;;7299;643;0.0365;0.0365;70323552;9635;19.084;12.2508;1.1686;19.1563;;;;;;;;yes;no
HYwWDaWXDFXb8kavs3cS5pAW1BrdEqUiCmajKXrSuAmn;;;;;;;;;;;;;;;0;2373;2407;98.59;100.0;;;no;yes
HbPEwwAbEqbTJ3H8gJc7VYw1VB7ZMTRAm5u1QvQiUk4E;Unknown DeFi (HbPEw);defi;unknown;potential;68796;68796;0.344;0.344;1488730263;21640;0.2449;0.233;0.2287;0.2468;;;;;;;;yes;no
HfxJdaQDzgoeSqX1amL69myyZQqrab5M9wjbotV8i6N2;;;;;1488;1488;0.0149;0.0149;8523964;5728;1.7397;1.7458;1.7397;1.7397;;;;;;;;yes;no
Hiv8hVBa4s4rh1hYoAoKhyFBkMXEFm8vbbr8xnXQvDmu;;;;;;;;;;;;;;;0;328;335;97.91;100.0;;;no;yes
HmaXyMUBP1J84LafYVRus1PS498F2FXJNCxtbTrNnkGf;;;;;3137;3133;0.0157;0.0157;270565292;86250;0.0683;0.0622;0.0536;0.0691;;;;;;;;yes;no
HpNfyc2Saw7RKkQd8nEL4khUcuPhQ7WwY1B2qjx8jxFq;PancakeSwap;dex;amm;both;2080;1722;0.0627;0.0627;170861875;82145;0.1902;0.291;0.1759;0.1999;21172;1311;27378;4.79;5.83;0.003882;0.066582;yes;yes
HuTkmnrv4zPnArMqpbMbFhfwzTR7xfWQZHH1aQKzDKFZ;Liquid Mesh Router;dex;aggregator;both;33005;32994;0.165;0.165;5862544715;177626;0.0274;0.0284;0.0264;0.0302;;;;;;;;yes;no
HumaXepHnjaRCpjYTokxY4UtaJcmx41prQ8cxGmFC5fn;;;;;2199;2199;0.011;0.011;129954524;59097;0.0752;0.1114;0.0741;0.0772;;;;;;;;yes;no
HypvYnf7zWxy1oWsSFpuN4nRDuXNUi88AeEourc7mq4Z;;;;;7549;7549;0.0377;0.0377;178550860;23652;0.2114;0.2118;0.2111;0.2114;;;;;;;;yes;no
JB3iGFeeT1K8mWmdVzypBowsyG28DYTSSvdQgcdTfF7P;Unknown DeFi (JB3iG);defi;unknown;potential;48284;48278;0.2414;0.2414;2649833010;54880;0.0846;0.1146;0.0783;0.0915;;;;;;;;yes;no
JBBrJmCunztkrb2vtn2GE1YmbVdjbaRc3x7mUG2Qq5CQ;;;;;2430;2430;0.0122;0.0122;208660937;85869;0.0575;0.059;0.0556;0.0644;;;;;;;;yes;no
JCFRaPv7852ESRwJJGRy2mysUMydXZgVVhrMLmExvmVp;;;;;7294;7294;0.0557;0.0557;140548216;19269;0.41;0.4046;0.3811;0.4247;;;;;;;;yes;no
JPDGXJky3iRkPmJx3cixg5cxJGGwP9kXBJzMpT5GLir;;;;;2220;2220;0.0111;0.0111;91457702;41197;0.1198;0.1504;0.11;0.1322;;;;;;;;yes;no
JUP6LkbZbjS1jKKwapdHNy74zcZ3tLUZoi5QNyVTaV4;Jupiter V6;dex;aggregator;both;2076160;694028;32.7134;32.7134;260441470277;125444;0.053;0.4357;0.0377;0.1017;551106446;19907756;707210141;2.81;3.49;1.182984;33.896384;yes;yes
KLend2g3cP87fffoy8q1mQqGKjrxjC8boSyAYavgmjD;Kamino Lending v2;lending;pool;aot;169981;118213;143.9861;143.9861;30541348875;179675;0.2006;3.7061;0.0818;3.7888;441732;6048;461460;1.31;1.35;1.970413;145.956513;yes;yes
KeccakSecp256k11111111111111111111111111111;Keccak Secp256k1;system;signature_verify;neither;1187305;1156343;28.6157;28.6157;39707694086;33444;0.7529;0.831;0.6931;0.7744;;;;;;;;yes;no
KeyspM2ssCJbqUhQ4k7sveSiY4WjnYsrXkC8oDbwde5;;;;;9510;9510;0.0951;0.0951;118434875;12454;0.8398;0.8657;0.7242;1.0754;;;;;;;;yes;no
KiNetiCAToLExLv5w7PrfiiKK1iYHNjrUM3RAF2V3A4;Kinetic Aggregator v4;dex;aggregator;both;;;;;;;;;;;8251;391;10048;3.89;4.52;;;no;yes
King7ki4SKMBPb3iupnQwTyjsq294jaXsgLmJo8cb7T;Arbitrage Bot (King7);trading_bot;arbitrage;jit;2837522;175764;407.7921;407.7921;81143881322;28597;0.3129;2.3316;0.2122;0.4198;848231;2490;876257;0.28;0.29;1.186037;408.978137;yes;yes
KvauGMspG5k6rtzrqqn7WNn3oZdyKqLKwK2XWQ8FLjd;Kvault Program;defi;vault;aot;37227;37218;0.3962;0.3962;7713191570;207193;0.072;0.1399;0.0223;0.117;;;;;;;;yes;no
L2TExMFKdjpN9kozasaurPirfHy9P8sbXoAN1qA3S95;Lighthouse Program;system;validation;neither;12094;12069;0.2326;0.2326;1220141237;100888;0.1221;1.8978;0.1126;0.2263;265781;55470;463295;11.97;17.27;0.048556;0.281156;yes;yes
L6pUpkHtq3CLtJRTrZ9GsBxfweZ8iPS6CnDQMdmcbad;Unknown DeFi (L6pUp);defi;unknown;potential;10476;10462;0.0544;0.0544;1513651220;144488;0.0344;0.0385;0.0316;0.039;381398;13633;395088;3.45;3.45;0.001944;0.056344;yes;yes
LBUZKhRxPF3XUpBCjp4YzTKgLccjZhTSDM9YuVaPwxo;Meteora DLMM;dex;dlmm;both;401649;394603;5.1465;5.1465;26184217695;65192;0.4511;0.4802;0.2481;0.5496;1690228;930026;5121748;18.16;35.49;2.831333;7.977833;yes;yes
LStwN2E5Uw6MCtuxHRLhy8RY9hxqW2XRpLzettb696y;;;;;;;;;;;;;;;22;461;702;65.67;95.45;;;no;yes
LanMV9sAd7wArD4vJFi2qDdfnVhFxYSUg6eADduJ3uj;raydium;;;;4842;3027;0.1508;0.1508;537012979;110907;0.1135;0.7598;0.0722;1.1025;564248;4114;678412;0.61;0.72;0.001094;0.151894;yes;yes
LiMoM9rMhrdYrfzUCxQppvxCSG1FcrUK9G8uLq4A1GF;Trading Bot (LiMoM);trading_bot;arbitrage;jit;46050;10195;37.0664;37.0664;11973627368;260014;3.7824;14.7392;1.1345;12.0834;;;;;;;;yes;no
LockrWmn6K5twhz3y9w1dQERbmgSaRkfnTeTKbpofwE;;;;;3222;2985;0.0168;0.0168;247532738;76826;0.0995;0.0835;0.0489;0.1077;;;;;;;;yes;no
LocpQgucEQHbqNABEYvBvwoxCPsSbG91A1QaQhQQqjn;;;;;2220;2220;0.0111;0.0111;306985977;138282;0.0363;0.0364;0.0353;0.0372;;;;;;;;yes;no
MAyhSmzXzV1pTf7LsNkrNwkWKTo4ougAJ1PPg47MD4e;Pump Mayhem;dex;launchpad;potential;12162;12162;0.0608;0.0608;2577253131;211910;0.0232;0.0247;0.0226;0.0238;;;;;;;;yes;no
MEVbit1CZN1oHXJkcKDNkFmFSMczHVZYnJQpYgGZSnF;MEV Bot (MEVbi);trading_bot;mev;jit;;;;;;;;;;;1780992;1028;1782796;0.06;0.06;;;no;yes
MEViEnscUm6tsQRoGd9h6nLQaQspKj7DB2M5FwM3Xvz;MEV Bot (MEViE);trading_bot;mev;jit;;;;;;;;;;;5973637;797910;7010061;11.38;11.78;;;no;yes
MEViZt7uNtZs47XkjujUuMSAxxxVtQQ25SwToLcEckt;Arbitrage Bot (MEViZ);trading_bot;arbitrage;jit;;;;;;;;;;;260208;0;260208;0.0;0.0;;;no;yes
MEXkeo4BPUCZuEJ4idUUwMPu4qvc9nkqtLn3yAyZLxg;Swissborg;system;exchange;potential;241822;237963;14.5813;14.5813;25943392604;107283;0.293;0.516;0.2869;0.3129;;;;;;;;yes;no
MFv2hWf31Z9kbCa1snEPYctwafyhdvnV7FZnsebVacA;Marginfi;lending;pool;aot;83127;44290;11.4803;11.4803;28380307280;341409;0.1526;0.5965;0.0243;0.5641;1001415;450;1004775;0.04;0.04;0.004594;11.484894;yes;yes
MNFSTqtC93rEfYHB6hF82sKdZpUDFWkViLByLd1k1Ms;Manifest;dex;orderbook;both;83777;69309;0.4276;0.4276;2624452056;31327;0.3015;0.2696;0.2896;0.3093;;;;;;;;yes;no
MNRytDTTpyyKbHuUCax5ZP5ZJf2X6iErjuBtS5sn2kc;Unknown DeFi (MNRyt);defi;unknown;potential;29040;29040;0.1452;0.1452;2566366011;88373;0.0691;0.0622;0.0406;0.0745;;;;;;;;yes;no
MYstiCRQrXvJAp3DGUdguaZjn7Zq1kwUYRe2sRK2RFY;Mystic DAO;governance;dao;neither;148623;148623;0.7431;0.7431;2889499209;19442;0.2572;0.2572;0.2572;0.2572;;;;;;;;yes;no
MaestroAAe9ge5HTc64VbBQZ6fP77pwvrhM8i1XWSAx;;;;;;;;;;;;;;;935;2840;201714;1.41;75.23;;;no;yes
MarBmsSgKXdrN1egZf5sqe1TMai9K1rChYNDJgjq7aD;Marinade Finance;staking;liquid;aot;5456;5430;0.0289;0.0289;261320324;47896;0.1184;0.1194;0.118;0.1312;;;;;;;;yes;no
MashGQTqcKDZAMevJKST9RYqJTL2Ae9NpcSuCE9WYqK;;;;;13961;13956;0.0698;0.0698;282596944;20242;0.284;0.5153;0.2159;0.7534;;;;;;;;yes;no
Memo1UhkJRfHyvLMcVucJwxXeuD728EqVDDwQDxFMNo;Memo Program Legacy;system;metadata;neither;212871;203277;1.141;1.141;26264298623;123381;0.0351;1.997;0.0298;5.2482;946453;7021;987162;0.71;0.74;0.008506;1.149506;yes;yes
MemoSq4gqABAXKb96qnH8TysNcWxMyWCqXgDLGmfcHr;Memo Program;system;metadata;neither;2383268;1643593;57.8195;57.8195;249049499309;104499;0.1029;0.4909;0.04;0.1613;;;;;;;;yes;no
MevFXXGBgBMbr2c9G6GWE9Vo8qo8GCVed4jn1npP5tG;MEV Bot (MevFXX);trading_bot;mev;jit;56646;56646;0.2832;0.2832;8433690787;148884;0.0313;0.1301;0.027;0.0388;0;423;5031;8.41;100.0;;;yes;yes
NA247a7YE9S3p9CdKmMyETx8TTwbSdVbVYHHxpnHTUV;Unknown Bot (NA247);trading_bot;mev;jit;;;;;;;;;;;7348139;1996142;9497560;21.02;21.36;;;no;yes
NA365bsPdvZ8sP58qJ5QFg7eXygCe8aPRRxR9oeMbR5;;;;;;;;;;;;;;;101953;138820;269251;51.56;57.66;;;no;yes
NBSVPf3v6um9fFvazQhidd7ePCkJ82gh2ATYMo1Dcbp;;;;;1352;1340;0.0132;0.0132;108383789;80166;0.092;0.2175;0.0836;0.3643;;;;;;;;yes;no
NTTB7GBM1e559QnE2AtppjjuRmA9gHYMuqauLC2DiXn;;;;;58;55;0.0253;0.0253;4040654;69666;0.0732;6.6259;0.0701;0.0748;;;;;;;;yes;no
NTTLfv5maZDudMfd9gNjn99dcEgRMY3E5johLyE4Pm2;;;;;28;28;0.0101;0.0101;2092673;74738;0.0667;4.8969;0.0652;0.0707;;;;;;;;yes;no
Nqd6XqA8LbsCuG8MLWWuP865NV6jR1MbXeKxD4HLKDJ;;;;;1687;1687;0.0084;0.0084;5433685;3221;1.5823;1.5815;1.5823;1.5823;;;;;;;;yes;no
NtTtwqVX4SCNECrZ8ZmEaxAPFcm5r7Szx4tBmYLU17p;;;;;9;9;0.0101;0.0101;689801;76645;0.0771;14.8184;0.0663;0.4986;;;;;;;;yes;no
NttMjdaP1RnzrqFMjspEBaqRv7N2X2JTbVmLMSXGHhK;;;;;395;395;0.0194;0.0194;31759959;80405;0.0698;0.6043;0.0641;0.0744;;;;;;;;yes;no
NtttGjhSzBsofYFWRYkKLV9n4og1nxVoTtBNVbnu8mf;;;;;114;112;0.0156;0.0156;9129499;80083;0.0634;1.8352;0.0618;0.065;;;;;;;;yes;no
PCFA5iYgmqK6MqPhWNKg7Yv7auX7VZ4Cx7T1eJyrAMH;;;;;7739;7738;0.0459;0.0459;270916766;35007;0.1382;0.1859;0.1327;0.1521;;;;;;;;yes;no
PCKjSaQaZb3AcmjTcb2fcLanh9Mky9ZvuaKqTBxsqWE;;;;;5840;5840;0.0575;0.0575;139982308;23970;0.4185;0.42;0.3804;0.4731;;;;;;;;yes;no
PERPHjGBqRHArX4DySjwM6UJHiR3sWAatqfdBS2qQJu;Jupiter Perpetuals;perps;perpetuals;both;16951;16868;0.1673;0.1673;2551981069;150550;0.0323;0.0824;0.0257;0.0451;591432;13908;605751;2.3;2.3;0.003938;0.171238;yes;yes
PHYSJkZ4KNpK4Lp5pg89xfab5mSer9NxRfr6YzuRdNQ;;;;;4176;4176;0.0209;0.0209;656632892;157240;0.0319;0.0319;0.031;0.0328;;;;;;;;yes;no
PRPLUgjCUxCEzNPP6x7XJVK1WR5XX28Zu8MEyTqvGjF;Unknown DeFi (PRPL);defi;unknown;potential;165376;162496;0.8269;0.8269;23321060441;141018;0.0348;0.1203;0.0345;0.035;;;;;;;;yes;no
PdMDrKEMaX8q7CCJb7NvUCxerBCcsFUa4LjBEynTtEd;pumpup.ai;trading_bot;sniper;jit;821719;821705;4.9304;4.9304;52855711467;64323;0.0948;0.0937;0.0883;0.0977;;;;;;;;yes;no
PhoeNiXZ8ByJGLkxNfZRnkUfjvmuYqLR89jjFHGqdXY;Phoenix;dex;orderbook;both;;;;;;;;;;;884695;276;4202567;0.01;0.03;;;no;yes
Priority6weCZ5HwDn29NxLFpb7TDp2iLZ6XKc5e8d3;;;;;5525;5514;0.0276;0.0276;182124831;32964;0.15;0.1552;0.15;0.15;;;;;;;;yes;no
Q72w4coozA552keKDdeeh2EyQw32qfMFsHPu6cbatom;Tip Bot (Q72w4);trading_bot;tips;jit;261164;256230;1.3058;1.3058;10706313;41;142.8571;140.4348;142.8571;142.8571;;;;;;;;yes;no
QuaNTM82oyFNjoJCZwCqJiynjndct7tcEntxPuWL1RL;;;;;14348;11258;0.0717;0.0717;331740475;23121;0.1714;0.5391;0.1666;0.2279;;;;;;;;yes;no
R6yPssVmTujhhE8QPUnVpmuz8yzQaFkkqQxBuxQX53R;;;;;128;100;0.1807;0.1807;7212822;56350;0.0838;101.8708;0.076;74.9401;;;;;;;;yes;no
RAkd1EJg45QQHeuXy7JEWBhdNvsd64Z5PbZJWQT96iB;;;;;3847;3847;0.0192;0.0192;27772026;7219;0.8572;0.7639;0.6485;0.8572;;;;;;;;yes;no
RAte2gSaXmo5YSbpGHDKpK64J7frAmonHBpi4odtyRV;;;;;471;470;0.0118;0.0118;27432261;58243;0.4604;0.479;0.4192;0.4827;;;;;;;;yes;no
REFER4ZgmyYx9c6He5XfaTMiGfdLwRnkV4RPp9t9iF3;;;;;6270;4693;0.565;0.565;200213294;31932;1.1583;2.7858;0.1699;5.2066;;;;;;;;yes;no
RSZE1NgJy3zdmyTWPeT4yKbsUrhAwrh4mXBL1rMvHt4;;;;;5472;5472;0.0274;0.0274;296125228;54116;0.0954;0.093;0.0885;0.0978;;;;;;;;yes;no
RTMBGKx9bkBMtFgRsob8S4fEhbK5MBkrVAuFkcrw8bc;;;;;2723;2634;0.0272;0.0272;397272038;145895;0.0665;0.0835;0.0665;0.0666;;;;;;;;yes;no
RUsHe5Kt19Koe2stiQuTRS4wkev5QjY5AyatokniGeY;;;;;1819;1805;0.0091;0.0091;161931237;89022;0.1062;0.0974;0.0968;0.1098;;;;;;;;yes;no
RangohQxaWip6i1twAAnRVLmob9j88fid7sq2DMAATW;Range Protocol;defi;vault;aot;11603;9864;1.9243;1.9243;2086576857;179831;0.1941;1.391;0.1341;1.1492;;;;;;;;yes;no
RatEqyzDoJW8bAk2dBp9rTZCYykhLxt4P7CDxodKK1L;;;;;607;599;0.0243;0.0243;63242806;104189;0.3793;0.4214;0.3665;0.4536;;;;;;;;yes;no
RateFzvQT8Dz2HqDHAQj22ujp8B5kaBm2FUUkSoLgZm;;;;;2642;2588;0.0836;0.0836;206966089;78337;0.4546;0.46;0.3716;0.4827;;;;;;;;yes;no
RdEaqFdXKtvkRiLxELviWmx5Pb7Nsw4k7pVXRYWNmGD;;;;;;;;;;;;;;;0;1193;3113;38.32;100.0;;;no;yes
RouterBmuRBkPUbgEDMtdvTZ75GBdSREZR5uGUxxxpb;;;;;11502;11502;0.0575;0.0575;473567525;41173;0.1227;0.122;0.1181;0.1275;;;;;;;;yes;no
SAGE2HAwep459SNq61LHvjxPk4pLPEJLoMETef7f7EE;Star Atlas SAGE;gaming;game;potential;1079326;1079078;5.3971;5.3971;127929113112;118527;0.0441;0.0919;0.0297;0.0995;8022137;0;8782301;0.0;0.0;;;yes;yes
SAbErai3UvzycbkooTMoQkD3Y7JVr5aEf7tEHBW1AWf;Unknown DeFi (SAbEr);defi;unknown;potential;11418;11418;0.0571;0.0571;1967948805;172355;0.0296;0.0313;0.0245;0.037;46386;15534;83310;18.65;25.09;0.019125;0.076225;yes;yes
SBondMDrcV3K4kxZR1HNVT7osZxAHVHgYXL5Ze1oMUv;SBond (Marinade);staking;bond;potential;272198;252254;1.3981;1.3981;7224240842;26540;0.319;0.2493;0.1169;0.3238;;;;;;;;yes;no
SHARKobtfF1bHhxD2eqftjHBdVSCbKo9JtgK71FhELP;Sharky.fi;lending;nft_lending;potential;41352;41352;1.3355;1.3355;2308363371;55822;0.5642;0.6644;0.4197;0.7034;;;;;;;;yes;no
SKRskrmtL83pcL4YqLWt6iPefDqwXQWHSw9S9vz94BZ;Solana Seeker;gaming;mobile;potential;859624;859619;6.3822;6.3822;30996122126;36058;0.2095;0.207;0.2012;0.2129;;;;;;;;yes;no
SLendK7ySfcEzyaFqy93gDnD3RtrpXJcnRwb6zFHJSh;;;;;3373;3361;0.0264;0.0264;539732623;160016;0.0755;0.1352;0.0523;0.1028;;;;;;;;yes;no
SMPLVC8MxZ5Bf5EfF7PaMiTCxoBAcmkbM2vkrvMK8ho;;;;;2826;2760;0.0916;0.0916;78577763;27805;1.2287;1.1826;1.1171;1.2943;;;;;;;;yes;no
SMRTzfY6DfH5ik3TKiyLFfXexV8uSG3d2UksSCYdunG;Unknown Bot (SMRT);trading_bot;trading;jit;14908;14339;1.7291;1.7291;524655005;35193;5.4849;4.2881;0.5322;6.0152;;;;;;;;yes;no
SP12tWFxD9oJsVWNavTTBZvMbA6gkAmxtVgxdqvyvhY;;;;;93;93;0.1243;0.1243;1536546;16522;124.4522;82.1788;0.4209;125.4237;;;;;;;;yes;no
SPoo1Ku8WFXoNDMHPsrGSTSG1Y47rzgn41SLUNakuHy;Stake Pool Program;staking;pool;aot;21504;21413;0.109;0.109;1242651663;57787;0.1073;0.1094;0.0699;0.1279;904;752;6521;11.53;45.41;0.090670;0.199670;yes;yes
SQDS4ep65T869zMMBKyuUq6aD6EgTu8psMjkvj52pCf;Squads Multisig v4;system;multisig;neither;89240;89038;0.5328;0.5328;3305917502;37045;0.185;0.293;0.091;0.5081;38446;128;67742;0.19;0.33;0.001764;0.534564;yes;yes
SRSLY1fq9TJqCk1gNSE7VZL2bztvTn9wm4VR8u8jMKT;;;;;1882;1760;0.0094;0.0094;179276840;95259;0.0408;0.1368;0.0386;0.1706;;;;;;;;yes;no
SUPuZPqTr1Zjz11UeVgLotcLupNdFUzKvUg3Sa9LiGL;;;;;;;;;;;;;;;35967;3672;39828;9.22;9.26;;;no;yes
SV2EYYJyRz2YhfXwXnhNAevDEui5Q6yrfyo13WtupPF;SolFi V2;dex;prop_amm;aot;203;85;0.0861;0.0861;26121570;128678;1.8565;2.8894;1.0649;2.3914;0;2523;2593;97.3;100.0;;;yes;yes
Sea3VpnUhM9WqWqUqVGxjqqxzFvkb8abkXaPVKdmyiR;Trading Bot (Sea3V);trading_bot;arbitrage;jit;11729;1;0.0949;0.0949;2187525825;186506;0.0443;0.0443;0.0414;0.0472;;;;;;;;yes;no
So1endDq2YkqhipRh3WViPa8hdiSpxWy6z3Z6tMCpAo;Solend v2;lending;pool;aot;5556;1385;4.1557;4.1557;1327606616;238950;1.1837;3.4504;0.5161;1.3947;;;;;;;;yes;no
SoLFiHG9TfgtdUXUjWAxi3LtvYuFyDLVhBWxdMZxyCe;SolFi;dex;prop_amm;aot;;;;;;;;;;;178805;0;251832;0.0;0.0;;;no;yes
SpLtDgZYG9gn3UPjSsoBb4sjSbafT9ap9eXFU5UnScC;;;;;20828;18101;0.1041;0.1041;729214280;35011;0.2327;0.3095;0.0975;0.5436;;;;;;;;yes;no
SpLtnk7AMeg3WC8smGfPw43zFdeNeiYQSiecZM5tPBQ;Unknown Protocol (SpLtn);unknown;defi;potential;107196;107154;0.536;0.536;869032191;8107;0.6303;0.6212;0.6303;0.6303;;;;;;;;yes;no
Stake11111111111111111111111111111111111111;Stake Program;system;staking;neither;46592;46142;7.1172;7.1172;782460965;16794;0.3876;18.7098;0.3555;0.5164;;;;;;;;yes;no
StenDH7EmnXdcniwsXgTWtN1ogfQksZ1C5UGBr7dNBG;MEV Bot (StenDH7);trading_bot;mev;jit;920648;78013;496.7112;496.7112;132326980451;143732;0.1997;5.7611;0.0849;0.8076;493927;7086;501013;1.41;1.41;7.103791;503.814991;yes;yes
Swap2Ex1jbDx4c2kDVgCrUX3GWCHZsFn4n8vecY5ycf;Swap Program;dex;swap;potential;6084;2678;0.1082;0.1082;1325463124;217860;0.0718;0.1487;0.0227;0.2833;;;;;;;;yes;no
T1TANpTeScyeqVzzgNViGDNrkQ6qHz9KrSBS4aNXvGT;Titan Exchange Router;dex;aggregator;both;706;359;0.0726;0.0726;98629074;139701;0.4444;2.0433;0.074;0.8203;297444;201549;1000768;20.14;40.39;0.049192;0.121792;yes;yes
T1pyyaTNZsKv2WcRAB8oVnk93mLJw2XzjtVYqCsaHqt;Jito Tip Payment;mev;tips;jit;1706249;1706249;8.5411;8.5411;100012461267;58615;0.0852;0.0855;0.0849;0.0852;;;;;;;;yes;no
TESQvsR4TmYxiroPPQgZpVRoSFG8pru4fsYr67iv6kf;;;;;12046;12046;0.0602;0.0602;720899813;59846;0.0787;0.0892;0.0787;0.0794;;;;;;;;yes;no
TFPfZhKxtEBoz1um1LcnuzYeKKdHiNbCtmXVuVAFcMU;;;;;8658;8655;0.0433;0.0433;161208540;18620;0.2719;0.291;0.2654;0.3232;;;;;;;;yes;no
TRDwq3BN4mP3m9KsuNUWSN6QDff93VKGSwE95Jbr9Ss;Triad Prediction Market;defi;prediction;potential;16198;15750;0.4647;0.4647;1309844989;80865;0.346;0.4908;0.2895;0.4257;;;;;;;;yes;no
TitanLozLMhczcwrioEguG2aAmiATAPXdYpBg3DbeKK;Titan Loz;trading_bot;mev;jit;;;;;;;;;;;14496;7552;22054;34.24;34.25;;;no;yes
TokExjvjJmhKaRBShsBAsbSvEWMA1AgUNK7ps4SAc2p;;;;;743;741;0.0099;0.0099;37568493;50563;0.2672;0.5357;0.0699;0.5187;;;;;;;;yes;no
TokenkegQfeZyiNwAJbNbGKPFXCWuBvf9Ss623VQ5DA;Token Program;system;token;neither;31074510;30134487;364.9864;364.9864;340693601329;10964;0.6601;1.5313;0.6601;1.064;33325304;2693234;47643630;5.65;7.48;29.508196;394.494596;yes;yes
TokenzQdBNbLqP5VEhdkAS6EPFLC1PHnBqCXEpPxuEb;Token-2022;system;token_extension;neither;7701822;7437629;81.5158;81.5158;99123462075;12870;1.229;2.0367;0.342;3.2116;936330;395879;3251207;12.18;29.72;34.471394;115.987194;yes;yes
UMBRAkrfUTHuPAjDQXgmpoQjGGyhtqiRqWNrMroEijV;;;;;2324;2297;0.0116;0.0116;94906180;40837;0.3499;0.6813;0.1354;0.4311;;;;;;;;yes;no
UtyXF479UFC78u1ZV94JtXmnd7njb5FmSYZfFFdP1sT;;;;;8507;8507;0.0425;0.0425;41216415;4845;1.032;1.032;1.032;1.032;;;;;;;;yes;no
VisTAPABATtyG5FGQ3twF7Hk6xAi6qBPS5BLuGoSQ3i;Trading Bot (VisTAP);trading_bot;arbitrage;jit;136637;29597;0.7556;0.7556;1582811929;11584;0.5448;0.8248;0.4224;1.3448;;;;;;;;yes;no
Vk8So9iUmmJeuWhdDmdGox8xono1UJ7KUPA5vWq7MAA;Unknown DeFi (Vk8So);defi;unknown;potential;3749;3749;0.0187;0.0187;1144225064;305208;0.0163;0.0165;0.016;0.0165;;;;;;;;yes;no
Vote111111111111111111111111111111111111111;Vote Program;system;vote;neither;2253;2252;0.018;0.018;5314088;2359;4.7579;3.7212;2.381;4.7619;;;;;;;;yes;no
VybePyKgr1zqnwrvNPunahVE48G7BrBHqP8Ct89L5gC;;;;;3822;3586;0.0389;0.0389;128338182;33579;0.2762;0.7005;0.1266;0.9592;;;;;;;;yes;no
WattJi1TzD85VrBjrSspQUQQau1cZ8kzxZr3i6VNnhg;;;;;2285;2284;0.0151;0.0151;267142672;116911;0.056;0.056;0.0536;0.0579;;;;;;;;yes;no
XXXXXXHm2pmmxyTeDyzvi4VUXZcLHGwzqvjZhJkbvPf;;;;;10926;10925;0.0546;0.0546;459264914;42034;0.1219;0.1213;0.1134;0.1301;;;;;;;;yes;no
XxXxXwJhqsCqZ5yzrykvjwVnUpqBUJP6g6cYjFt2dfW;Unknown Bot (XxXxX);trading_bot;mev;jit;;;;;;;;;;;3172618;162261;3800990;4.27;4.87;;;no;yes
Yt3A8KLfo7JEz8RGHw2zbaQE6MVcf9duKmb24dgXbsD;Trading Bot (Yt3A8);trading_bot;mev;jit;37869;37865;0.9566;0.9566;198270255;5236;6.0109;5.2283;3.322;6.0109;;;;;;;;yes;no
ZUPYzr87cgminBywohtbUxnaiFMwXNy8A5pD9cCcvVU;;;;;2382;2382;0.0119;0.0119;245758500;103173;0.0484;0.049;0.0483;0.0484;;;;;;;;yes;no
Zen8888uiVAni7eYnYVgGpdUujDyrzrzjG4EXRHDZ5q;;;;;19885;19773;0.4146;0.4146;991734614;49874;0.5562;0.4683;0.2992;0.5594;;;;;;;;yes;no
aaaab9xyNrdf7K1VXLGppSXzXK6UD3w3ng3Qiz2UadW;;;;;;;;;;;;;;;3153;148;3301;4.48;4.48;;;no;yes
ajXj7hMUguMEwF2oAsQR7wyV54UcqpubHUAvMGKnHDh;Unknown DeFi (ajXj7);defi;unknown;potential;61997;61284;0.32;0.32;6247965035;100779;0.053;0.0533;0.05;0.0552;;;;;;;;yes;no
arb1pgEiYNYvJQJwQn8u4PKAnRpJGPSVdAPU5P4KtUX;;;;;6504;4414;0.0325;0.0325;224133057;34461;0.319;0.317;0.1563;0.364;;;;;;;;yes;no
axjx66xJAyWxVTu73uCjqzSsAopBbqEbyetD5SUFTex;;;;;1814;1814;0.0091;0.0091;17673810;9743;0.4812;0.6611;0.4812;0.4816;;;;;;;;yes;no
b1oomGGqPKGD6errbyfbVMBuzSC8WtAAYo8MwNafWW1;Bloom Router;dex;aggregator;both;;;;;;;;;;;363638;152;371032;0.04;0.04;;;no;yes
bidoyoucCtwvPJwmW4W9ysXWeesgvGxEYxkXmoXTaHy;;;;;8551;8353;0.0428;0.0428;379537149;44385;0.1195;0.141;0.0897;0.1442;;;;;;;;yes;no
boreXQWsKpsJz5RR9BMtN8Vk4ndAk23sutj8spWYhwk;Ore Blue Program;mining;pow;neither;404106;401636;2.0205;2.0205;13805881146;34164;0.1859;0.2225;0.1604;0.2018;;;;;;;;yes;no
boyftq7VDXu4mJs8cDqQM63i6LNzBs3kg41rre7Ek5v;;;;;;;;;;;;;;;0;3769;20451;18.43;100.0;;;no;yes
brcXo6HSsYdF37owe2szAT77yXBqmC2osTwJ2LhZAXz;;;;;21;21;0.0128;0.0128;782351;37255;16.5379;16.3295;16.5379;16.5379;;;;;;;;yes;no
brzp8fNvHCBRi8UcCnTQUgQ2bQ4JnJTJtCvPzpKf2ty;Breeze Program;defi;unknown;potential;19722;15043;10.6654;10.6654;4270022769;216511;0.8444;2.3456;0.0333;2.8265;;;;;;;;yes;no
cardWArqhdV5jeRXXjUti7cHAa4mj41Nj3Apc6RPZH2;;;;;7505;7492;0.2045;0.2045;267310872;35618;0.5925;0.7653;0.2846;1.2756;;;;;;;;yes;no
chopmfFa3T1CzZj9WUgq5e18aMvjufSHGfPTvyKkydL;;;;;3048;3046;0.0152;0.0152;58492539;19190;0.4207;0.5596;0.1805;0.6492;;;;;;;;yes;no
cpamdpZCGKUy5JxQXB4dcpGPiikHawvSWAd6mEn1sGG;Meteora DAMM v2;dex;amm;both;155942;105335;3.8638;3.8638;8913243858;57157;0.3783;0.8227;0.1024;1.5069;84350286;14307048;101407314;14.11;14.5;0.655264;4.519064;yes;yes
credMBJhYFzfn7NxBMdU4aUqFggAjgztaCcv2Fo6fPT;;;;;755;732;0.0083;0.0083;49478739;65535;0.1864;0.1762;0.1437;0.191;;;;;;;;yes;no
dRiftyHA39MWEi3m9aunc5MzRF1JYuBsbn6VPcn33UH;Drift Protocol;perps;perpetuals;both;231802;207584;1.169;1.169;39931815996;172267;0.0316;0.0508;0.027;0.043;12137022;3976;12527552;0.03;0.03;0.000351;1.169351;yes;yes
dbcij3LWUppWqq96dh6gJWwBifmcGfLSB5D4DuSMaqN;Meteora Dynamic Bonding Curve;dex;bonding_curve;both;421257;395444;3.4726;3.4726;35717811942;84789;0.08;0.1827;0.0783;0.0869;3481294;161922;4411188;3.67;4.44;0.161347;3.633947;yes;yes
dijkbkCAKfFTCxQg3u1pg82gVU1jJGHBBRcteD11mBu;;;;;;;;;;;;;;;978000;96291;1083805;8.88;8.96;;;no;yes
dst5MGcFPoBeREFAA5E3tU5ij8m5uVYwkzkSAbsLbNo;dln_trade;;;;;;;;;;;;;;32;4330;8748;49.5;99.27;;;no;yes
dzrevZC94tBLwuHw1dyynZxaXTWyp7yocsinyEVPtt4;;;;;6849;6837;0.0344;0.0344;56800170;8293;0.6898;0.6743;0.6888;0.6901;;;;;;;;yes;no
eUSXyKoZ6aGejYVbnp3wtWQ1E8zuokLAJPecPxxtgG3;;;;;2501;2500;0.0125;0.0125;83352650;33328;0.1536;0.1685;0.1169;0.2275;;;;;;;;yes;no
fUSioN9YKKSa3CUC2YUc4tPkHJ5Y6XW1yz8y6F7qWz9;DefiTuna Fusion AMM;dex;amm;both;1705;1573;0.0151;0.0151;86602112;50793;0.156;0.1749;0.1502;0.1778;10240;1425;45286;3.15;12.22;0.002102;0.017202;yes;yes
fish3HxLMRkCyRMobeJyDy9ymXojx1Q1G1mbXSzpsvS;;;;;3251;3251;0.0204;0.0204;18383076;5655;1.0858;1.2344;0.9175;1.537;;;;;;;;yes;no
foRGEL4EUjeQMd8U2QL5Rx8je75ZFpmtLoWRyyAxxr7;;;;;1300;1297;0.0132;0.0132;155630477;119716;0.079;0.4329;0.0748;0.0982;;;;;;;;yes;no
fragnAis7Bp6FTsMoa6YcH8UffhEw43Ph79qAiK3iF3;;;;;1267;1237;0.0123;0.0123;185343564;146285;0.0484;0.0832;0.0382;0.0667;;;;;;;;yes;no
gdrpGjVffourzkdDRrQmySw4aTHr8a3xmQzzxSwFD1a;Unknown DeFi (gdrpG);defi;unknown;potential;32825;32598;0.1641;0.1641;1133972372;34546;0.1504;0.1472;0.1385;0.1579;;;;;;;;yes;no
goonERTdGsjnkZqWuVjs73BZ3Pb9qoCUdBUL17BnS5j;;;;;;;;;;;;;;;456562;66604;577236;11.54;12.73;;;no;yes
goonuddtQRrWqqn5nFyczVKaie28f3kDkHWkHtURSLE;;;;;2588;2588;0.0129;0.0129;12900392;4985;2.4489;2.3747;1.6415;3.48;;;;;;;;yes;no
hi5iKPdHrk15joDZcfTio8vw5SnYnvrXQMv2qESCrJj;Trading Bot (hi5iK);trading_bot;mev;jit;14892;7975;4.5395;4.5395;2751516409;184765;0.7963;2.128;0.3798;2.7412;;;;;;;;yes;no
hydHwdP54fiTbJ5QXuKDLZFLY5m8pqx15RSmWcL1yAJ;;;;;;;;;;;;;;;114964;66772;181756;36.74;36.74;;;no;yes
iLEPWontSkuaCDeg8psrxB3mVHAA39fWWRtinSJcrtJ;;;;;1982;1982;0.0099;0.0099;42392625;21389;0.2342;0.2339;0.2339;0.2347;;;;;;;;yes;no
idemJL67fKhpev5vKcxHrosuVyTat6wVC9sFfoPVg3Y;Unknown DeFi (idemJ);defi;unknown;potential;146222;146222;1.4622;1.4622;1771402889;12114;0.8234;0.8346;0.775;0.8695;;;;;;;;yes;no
inscokhJarcjaEs59QbQ7hYjrKz25LEPRfCbP8EmdUp;;;;;4920;4918;0.0246;0.0246;133250902;27084;0.2339;0.2112;0.1472;0.2596;;;;;;;;yes;no
inv1tEtSwRMtM44tbvJGNiTxMvDfPVnX9StyqXfDfks;;;;;2104;2093;0.032;0.032;31936773;15179;0.8496;1.3872;0.249;2.114;;;;;;;;yes;no
jesterKqzZ7hWfNLnUDeB8WtMrm7a44g2vSyhs7WmyT;Trading Bot (jester);trading_bot;mev;jit;572857;90597;698.7008;698.7008;98204638080;171430;0.2534;7.2954;0.0856;0.936;;;;;;;;yes;no
joeHSutRWndCtp1EPx5tz5zHyaPBZUZ5JsxDEVB1RPZ;;;;;;;;;;;;;;;491231;214874;706427;30.42;30.43;;;no;yes
jup3YeL8QhtSx1e253b2FDvsMNC87fDrgQZivbrndc9;Jupiter Lend Earn;lending;yield;aot;37157;36855;0.1942;0.1942;3095761161;83316;0.0617;0.0662;0.0594;0.0695;;;;;;;;yes;no
jupgfSgfuAXv4B6R2Uxu85Z1qdzgju79s6MfZekN6XS;Jupiter Governance;dex;governance;neither;6545;3278;13.795;13.795;1918680179;293152;0.3006;9.1382;0.0169;1.7431;;;;;;;;yes;no
m72GJdX3FFrx3dJ6gnc4mDNe2a9SpmdsPEsquHP1Hcn;;;;;6350;6317;0.0318;0.0318;185722077;29248;0.1711;0.1771;0.1696;0.1711;;;;;;;;yes;no
mERKcfxMC5SqJn4Ld4BUris3WKZZ1ojjWJ3A3J5CKxv;;;;;25302;24783;0.1265;0.1265;876721973;34650;0.1468;0.1479;0.1371;0.1542;;;;;;;;yes;no
magnaSHyv8zzKJJmr8NSz5JXmtdGDTTFPEADmvNAwbj;;;;;2558;2319;0.3208;0.3208;82731691;32342;1.4744;5.8048;1.097;2.5772;;;;;;;;yes;no
metaqbxxUerdq28cj1RbAWkYQm3ybzjb6a8bt518x1s;Metaplex Token Metadata;nft;metadata;neither;202849;202462;2.2994;2.2994;20073473742;98958;0.1023;0.1288;0.0985;0.1147;156818;193;175991;0.11;0.12;0.002763;2.302163;yes;yes
mgrfTeJh5VgHt67LQQVZ7U2gPY88En94QMWz64cV2AY;;;;;2208;2208;0.011;0.011;10246554;4641;1.0746;1.0775;1.0746;1.0784;;;;;;;;yes;no
migK824DsBMp2eZXdhSBAWFS6PbvA6UN8DV15HfmstR;;;;;258;257;0.0097;0.0097;21520496;83413;0.0591;0.4838;0.0547;0.064;;;;;;;;yes;no
mine9YMaEywEJyysaDLjYngt8pYXxQDsdakUewPEW8S;;;;;64;18;0.01;0.01;9621679;150339;0.8043;1.0683;0.6009;1.3181;280557;73539;354188;20.76;20.77;0.002621;0.012621;yes;yes
mineWsRs2Rmw2jPMkVbgAbDjV1E23yQ8TEodaX3iza4;Mining Program (mineW);mining;pow;neither;58868;58661;0.2943;0.2943;3615952726;61425;0.1077;0.3543;0.0433;0.4124;;;;;;;;yes;no
mineyqqBfrwxpHdgjrp7rKeA3QsnpjtLeYo9bbbzQq3;Mining Program (miney);mining;pow;neither;115227;90401;0.5761;0.5761;7995580721;69390;0.0792;0.1179;0.0481;0.1192;;;;;;;;yes;no
mixEcfx7w47hvRwb9Nj7UeSQkCz6vZMbRHixMyYMLMb;;;;;1275;1251;0.0081;0.0081;218897506;171684;0.0367;0.0498;0.0363;0.0369;;;;;;;;yes;no
mnCk3moW6q9UszVev3C9JjtE4YoviXgLwiLCnUy3c4D;;;;;3899;3856;0.0196;0.0196;68311653;17520;0.2894;0.2917;0.2758;0.2903;;;;;;;;yes;no
n1brh2AaBbnMPEjpoCDFs1fzWb5Pa8FC1o8yXp2fAqM;Unknown DeFi (n1brh);defi;unknown;potential;113079;98043;0.7196;0.7196;6291884822;55641;0.1086;0.1631;0.0883;0.1427;;;;;;;;yes;no
nTT36HayeWMJjdK6D4L3E5t4Z6oEyASVDDALFXVTJND;;;;;14;14;0.0151;0.0151;1021062;72933;0.0752;15.6355;0.0676;0.0833;;;;;;;;yes;no
nTtWMBHa1LvWqPbuhS3uRGPmhxw9XNDKzFmjtwHY4cc;;;;;60;60;0.0524;0.0524;4678074;77968;0.0763;11.3665;0.0674;0.1162;;;;;;;;yes;no
namesLPneVptA9Z5rqUDD9tMTWEJwofgaYwp8cawRkX;;;;;14357;14354;0.0727;0.0727;579172172;40341;0.7038;0.8725;0.0663;1.7007;;;;;;;;yes;no
nb9c86rvUSUAY2qgUU7gGgKqMwLqLws5oqTVN9zLLB8;;;;;;;;;;;;;;;0;456;552;82.61;100.0;;;no;yes
nosJhNRqr2bc9g1nfGDcXXTXvYUmxD4cVwy2pMWhrYM;Nosana Jobs;compute;gpu_marketplace;potential;176500;176057;2.6354;2.6354;10594572718;60026;0.2462;0.2531;0.2382;0.2578;;;;;;;;yes;no
noteD9tEFTDH1Jn9B1HbpoC7Zu8L9QXRo7FjZj3PT93;;;;;6361;6360;0.0318;0.0318;6937207;1091;7.8616;7.3444;7.8616;7.8616;;;;;;;;yes;no
nttLq3ZsKu9uAFWuBGksdZTPAjkMRyPkxp61CJPsntA;;;;;27;23;0.0301;0.0301;2090884;77440;0.0713;16.4299;0.0616;0.0836;;;;;;;;yes;no
nttmCZuaoLZ2TEyuo1qytxUJwW9v5Um7bhUgY9zhS6M;;;;;33;33;0.0102;0.0102;2309953;69999;0.0737;4.1546;0.0735;0.0817;;;;;;;;yes;no
nttu74CdAmsErx5daJVCQNoDZujswFrskMzonoZSdGk;;;;;1306;1306;0.0155;0.0155;96488195;73881;0.0784;0.1616;0.075;0.0822;;;;;;;;yes;no
oBNKAcrLhfRhYn7QnmjevGAvR7cCs47CAufBSJGhwt3;Unknown DeFi (oBNKA);defi;unknown;potential;34247;34242;0.1712;0.1712;1164520235;34004;0.3167;0.2656;0.1712;0.3752;;;;;;;;yes;no
oFrmsC5N3q3h96HW4dwn2LVNREaAXbgqkd45wVPAH8Y;;;;;13657;13654;0.0683;0.0683;601936060;44075;0.1151;0.1143;0.1082;0.1231;;;;;;;;yes;no
ogpTKmVzXDbSEfCr5mq2tq4pfeVHuSEHoRmWAU1fTp8;;;;;7973;7952;0.0572;0.0572;419968709;52674;0.1556;0.279;0.1205;0.518;;;;;;;;yes;no
ojh19ojaKduoJZuaJADhcVGp4xt1TcdAvZmpVsCorch;;;;;;;;;;;;;;;328;133587;560809;23.82;99.76;;;no;yes
okxHJ2MSs2qyGHpoTTYGPTefbVkDFUkqYCL2PdnqPzQ;OKX DEX;infrastructure;exchange;neither;;;;;;;;;;;164431;0;246152;0.0;0.0;;;no;yes
onchL7qGruBH2KNmccofz3oJ3HXBA1ZFYfv84am7fjK;;;;;;;;;;;;;;;1401;77307;78747;98.17;98.22;;;no;yes
onreuGhHHgVzMWSkj2oQDLDtvvGvoepBPkqyaubFcwe;;;;;;;;;;;;;;;60;1635;1930;84.72;96.46;;;no;yes
opnb2LAfJYbRMAHHvqjCwQxanZn7ReEHp1k81EohpZb;;;;;8374;8360;0.2981;0.2981;344112855;41093;0.1267;0.3559;0.1267;0.1281;;;;;;;;yes;no
optsy31cq14ExqAA8atvvtv7JRHMCtojXja8DjEXa6N;;;;;2953;2953;0.0148;0.0148;26191132;8869;0.908;2.0642;0.3558;3.3852;;;;;;;;yes;no
oreV3EG1i9BEgiAJ8b177Z2S2rMarzak4NMv1kULvWv;ORE Mining;mining;pow;neither;347647;345933;1.7382;1.7382;2797768833;8048;1.2359;1.1778;0.568;1.6307;1743510;32036;2090135;1.53;1.8;0.031861;1.770061;yes;yes
oxp5daG6BinG1AL2W83RQmmN8tcXJqrqy3bYprLMRV8;;;;;990;987;0.0093;0.0093;36146968;36512;0.3988;0.3366;0.2023;0.4531;;;;;;;;yes;no
pAMMBay6oceH9fJKBRHGP5D4bD4sWpmSwMn52FMfXEA;Pump.fun AMM;dex;amm;potential;2209900;2075269;64.5141;64.5141;225743903947;102151;0.0509;0.34;0.0461;0.0562;61794244;3743230;120023468;3.12;5.71;3.906835;68.420935;yes;yes
pfeeUxB6jkeY1Hxd7CsFCAjcbHA9rWtchMGdZ6VojVZ;;;;;6776;6314;0.0438;0.0438;426780084;62984;0.2023;0.2466;0.0398;0.3968;;;;;;;;yes;no
phDEVv4w6BcfkLrLNeXr8HhhgQxnxziVGXpGPcaadMf;Phoenix Perpetuals Program;perps;perpetuals;both;3743329;2657861;18.7179;18.7179;770379360008;205801;0.0416;1.6284;0.0134;3.61;188871;0;703901;0.0;0.0;;;yes;yes
pjMUjMjHTHot5bYrBu9qd4cRaNKdK1eTR8iVYouQzDo;;;;;1744;1744;0.0087;0.0087;20588813;11806;1.9379;2.7245;0.1912;4.4366;;;;;;;;yes;no
pjwLcQDbzybW1FrHVbvkLzzk836S4TvXmtsqvYWC967;Unknown DeFi (pjwLc);defi;unknown;potential;132277;131895;0.933;0.933;3063121018;23157;0.453;0.3685;0.2486;0.4917;;;;;;;;yes;no
prgmQm7H9AiT1DmRJUeCQigJuCoL3gbzavxy8qLJMuN;;;;;13613;12101;0.0681;0.0681;318752554;23415;0.2118;0.2172;0.2117;0.2118;;;;;;;;yes;no
prm1azdDGzyqP76s3Hv2nuG3uLnBgR5u2d7pANwmmzC;;;;;2561;2561;0.0128;0.0128;99740815;38946;0.1131;0.1384;0.1104;0.1756;;;;;;;;yes;no
proVF4pMXVaYqmy4NjniPh4pqKNfMmsihgd4wdkCX3u;Unknown Bot (proVF);trading_bot;mev;jit;702;463;0.0298;0.0298;127954864;182272;0.0556;0.8617;0.0198;0.424;7558023;20397;7767560;0.26;0.27;0.000081;0.029881;yes;yes
progSgjc51c45gZ86VbJY2Msi2mN3KbHQPcLdgrJbsB;;;;;5920;5920;0.0592;0.0592;296215839;50036;0.2023;0.2005;0.1952;0.2084;43078;7919;51049;15.51;15.53;0.010884;0.070084;yes;yes
pudgeNoz4YrkpwZr8dYmhkHJz87yRHsJeyxZhQChetj;Trading Bot (pudge);trading_bot;arbitrage;jit;755069;112596;42.314;42.314;116234237005;153939;0.0594;0.53;0.0444;0.0864;;;;;;;;yes;no
pythWSnswVUd12oZpeFP8e9CVaEqJg25g1Vtc2biRsT;Pyth Push Oracle;oracle;price_feed;aot;1027863;1027601;5.8605;5.8605;79834045617;77670;0.0569;0.0928;0.0516;0.1013;325267;6;518066;0.0;0.0;;;yes;yes
pyti8TM4zRVBjmarcgAPmTNNAXYKJv7WVHrkrm6woLN;;;;;1236;1230;0.0117;0.0117;249681819;202008;0.0378;0.1404;0.0165;0.1072;;;;;;;;yes;no
rAte14X4CFgBXqPLEhmcLxkXVRoFthL3fcbBHVuvmxo;;;;;340;339;0.0144;0.0144;37111015;109150;0.376;0.4039;0.3694;0.4055;;;;;;;;yes;no
rDeFiHPjHZRLiz4iBzMw3zv6unZs4VwdU6qQcVd3NSK;;;;;;;;;;;;;;;542;448;1074;41.71;45.25;;;no;yes
raTEMK3K8ahgwLuWUHEvp7aJXjVmcbNgj8XmQVMgt5q;;;;;603;599;0.0258;0.0258;68574393;113722;0.3741;0.3886;0.3697;0.3793;;;;;;;;yes;no
raTEkEMFeDsvsELyQ5CMk4dS8Yhh3wyXXRL6QESd7p2;;;;;797;784;0.0254;0.0254;60471839;75874;0.4659;0.4744;0.3777;0.4839;;;;;;;;yes;no
raTeAJ92EGM17TBENyDNvrsjmhhujvaanXCFKuxF494;;;;;967;957;0.0444;0.0444;119215099;123283;0.37;0.3962;0.3646;0.4062;;;;;;;;yes;no
raffKWNrQvz5uhFGY4Dw64sn3hSZZjhC4AMtXmdUFy2;;;;;24691;24682;0.1328;0.1328;568144844;23010;0.2257;0.2337;0.2065;0.2437;;;;;;;;yes;no
rateE3GompDX8X8a6WEqwve7kge6YwCGEhN8krmTFjB;;;;;374;371;0.0149;0.0149;38586690;103173;0.3723;0.4059;0.3693;0.4445;;;;;;;;yes;no
rateqk9kmMstT8SdVDyiV81Wuv4snjYyBjYoPkGqywK;;;;;3055;3015;0.1095;0.1095;279846107;91603;0.3905;0.4199;0.3726;0.4379;;;;;;;;yes;no
rec5EKMGg6MxZYaMdyBfgwp4d5rB9T1VQH5pJv5LtFJ;;;;;3931;3920;0.0363;0.0363;346250698;88082;0.1028;1.0698;0.0602;2.0383;;;;;;;;yes;no
rexhfZLRRxRkPkw9izswgMFRPDb9U58jeinH7wqUVuw;Arbitrage Bot (rexhf);trading_bot;arbitrage;jit;;;;;;;;;;;963257;122;973607;0.01;0.01;;;no;yes
riptK81hDxhe5pW5jSzSM9iRA8azgEgLJ4dXkPtBS7j;Tip Bot (riptK);trading_bot;tips;jit;426160;414357;2.1308;2.1308;142980699;336;14.5773;18.64;14.5773;14.5773;;;;;;;;yes;no
routeUGWgWzqBWFcrCfv8tritsqukccJPu3q5GPP3xS;Jupiter Route;dex;aggregator;both;1320303;1068159;43.0706;43.0706;154608702972;117101;0.1584;0.3423;0.111;0.246;687131;98;701900;0.01;0.01;0.004307;43.074907;yes;yes
sa12qbQyuQqEaDcEqEPKmZEGTdzSMaqj87nKRYbE3QE;OKX Smart Account;infrastructure;exchange;neither;569802;569798;4.1343;4.1343;17607716209;30901;0.2609;0.2439;0.2072;0.2724;10298;41000;80052;51.22;79.93;16.465102;20.599402;yes;yes
save8RQVPMWNTzU18t3GBvBkN9hT7jsGjiCQ28FpD9H;;;;;2329;2323;0.0116;0.0116;152970062;65681;0.2037;0.1727;0.0404;0.2944;;;;;;;;yes;no
snapNQkxsiqDWdbNfz8KVB7e3NPzLwtHHA6WV8kKgUc;;;;;7900;806;0.0395;0.0395;130226232;16484;0.792;0.7162;0.792;0.792;;;;;;;;yes;no
srtJ3oQoazxhiiFj6CdEowvkTgUxvn6NQNmJ5VrwkD9;;;;;4273;4273;0.0214;0.0214;125231957;29308;0.1802;0.178;0.171;0.1891;;;;;;;;yes;no
stakevLBn36MxF5qcjXFxChfFDhL9LrLqj4WC3HPpGT;;;;;655;578;0.0795;0.0795;18608984;28411;3.9567;5.3141;2.4983;7.2521;;;;;;;;yes;no
strmRqUCoQUgGUan5YhzUZa6KqdzwX5L6FpUxfmKg5m;Streamflow;defi;vesting;aot;50900;50863;0.2556;0.2556;1280461253;25156;0.4542;0.3588;0.1056;0.535;27172;18;28363;0.06;0.07;0.000179;0.255779;yes;yes
swigypWHEksbC64pWKwah1WTeh9JXwx8H1rJHLdbQMB;;;;;6376;6348;0.0861;0.0861;964632120;151291;0.0619;0.1683;0.0619;0.094;;;;;;;;yes;no
tbd3QdqF7Es36ifxUsW4uhf5fVkba94oKaGYXLZckT6;;;;;1740;1740;0.0087;0.0087;17988776;10338;0.4849;0.484;0.4749;0.4977;;;;;;;;yes;no
term9YPb9mzAsABaqN71A4xdbxHmpBNZavpBiQKZzN3;;;;;;;;;;;;;;;1339327;4689;1422131;0.33;0.35;;;no;yes
traderDnaR5w6Tcoi3NFm53i48FTDNbGjBSZwWXDRrg;;;;;2893;2875;0.0171;0.0171;182566003;63106;0.0934;0.1059;0.0626;0.139;;;;;;;;yes;no
trsrzhs1sRgiHcKhjMmRrgK3X8Wus3LBWogF7t13wzZ;;;;;19;19;0.0367;0.0367;1694003;89158;22.2734;21.62;12.7287;23.3682;;;;;;;;yes;no
tuktukUrfhXT6ZT77QTU8RQtvgL967uRuVagWF57zVA;;;;;2015;1952;0.0101;0.0101;278958205;138441;0.0366;0.0758;0.0239;0.0623;;;;;;;;yes;no
tuna4uSQZncNeeiAMKbstuxA9CUkHH6HmC64wgmnogD;DefiTuna;lending;leverage;both;;;;;;;;;;;5632;2085;7923;26.32;27.02;;;no;yes
unpXTU2Ndrc7WWNyEhQWe4udTzSibLPi25SXv2xbCHQ;;;;;2230;2230;0.0223;0.0223;316731826;142032;0.071;0.0705;0.0702;0.0713;;;;;;;;yes;no
vBoNdEvzMrSai7is21XgVYik65mqtaKXuSdMBJ1xkW4;Marinade Bond program;staking;bond;potential;1063510;1063505;5.3743;5.3743;75423101730;70919;0.0702;0.0717;0.07;0.0705;;;;;;;;yes;no
vVoLTRjQmtFpiYoegx285Ze4gsLJ8ZxgFKVcuvmG1a8;Volt Protocol;defi;structured_products;potential;56465;56225;0.8011;0.8011;11275220976;199685;0.043;0.1082;0.0268;0.0553;;;;;;;;yes;no
vaU6kP7iNEGkbmPkLmZfGwiGxd4Mob24QQCie5R9kd2;;;;;23835;23688;0.1287;0.1287;568131427;23836;0.2286;0.2441;0.2286;0.231;;;;;;;;yes;no
vanshF62ku4jVVdf8DS47SXuJC1rq8qokGSANAomhey;Trading Bot (vansh);trading_bot;mev;jit;3843;3803;2.2156;2.2156;326801454;85038;0.6921;3.577;0.4273;0.7053;57;13505;22112;61.08;99.58;525.308210;527.523810;yes;yes
voTpe3tHQ7AjQHMapgSue2HJFAh2cGsdokqN3XqmVSj;;;;;41116;40834;0.3196;0.3196;763383041;18567;0.2362;0.7262;0.2287;0.9039;;;;;;;;yes;no
wMNFSTkir3HgyZTsB7uqu3i7FA73grFCptPXgrZjksL;Manifest Order Book;dex;orderbook;both;111242;111213;0.6067;0.6067;6197078268;55708;0.087;0.1711;0.0649;0.245;;;;;;;;yes;no
whirLbMiicVdio4qvUfM5KAg6Ct8VwpYzGff3uctyCc;Orca Whirlpool;dex;clmm;both;65883;57432;0.9222;0.9222;2640929888;40085;0.2024;0.4495;0.132;0.5646;713048;265380;2757836;9.62;27.12;0.343168;1.265368;yes;yes
worm2ZoG2kUd4vFXhvjh93UUH596ayRfgQ2MgjNMTth;Wormhole;bridge;cross_chain;potential;14363;14257;0.8386;0.8386;1158759923;80677;0.0638;1.0032;0.0596;0.2203;;;;;;;;yes;no
wormDTUJ6AWPNvk59vGQbDvGJmqbDTdgWgAqcLBCgUb;Wormhole Core;bridge;cross_chain;potential;8444;7661;0.5809;0.5809;848509860;100487;0.0766;1.1287;0.047;0.6158;1241;222;2231;9.95;15.17;0.103881;0.684781;yes;yes
xpo8sHWHkfS6NpVsYwE2t5pTvvdTHSdWUdxh2RtsT1H;;;;;5476;5476;0.0274;0.0274;10787734;1970;2.5394;2.5383;2.5394;2.5394;;;;;;;;yes;no
zapvX9M3uf5pvy4wRPAbQgdQsM1xmuiFnkfHKPvwMiz;Meteora Zap;dex;aggregator;both;31152;31134;0.3568;0.3568;12761500233;409653;0.017;0.0342;0.0102;0.0298;3209;815;33670;2.42;20.25;0.090598;0.447398;yes;yes
zoRabwLGd5zXaV7Gxacppw8tcceXEiTrSKyNLSaSTUc;;;;;2356;2355;0.0234;0.0234;406916764;172715;0.0656;0.0668;0.0554;0.0692;;;;;;;;yes;no
