"program_id";"tx_count";"jito_tx_count";"jito_tips_sol";"priority_fees_sol";"total_fees_sol";"total_cu";"avg_cu_per_tx";"blocks_touched";"avg_cu_per_block";"jito_tips_per_cu_lamports";"priority_fees_per_cu_lamports"
"9i7QdbBHx7fjLAAaFfcDRgkdS4oNfKv8duzyE27a1kJ6";"5615";"3587";"216,542731";"116,318867";"116,346942";"842472746";"150040";"4914";"171443";"257,0323";"138,0684"
"9H6tua7jkLhdm3w8BvgpTn5LZNU7g4ZynDmCiNN3q6Rp";"280778962";"24514855";"161,925507";"119,529749";"1523,424559";"85764973655";"305";"6333886";"13541";"1,888";"1,3937"
"AEyodoBDx5vgvEpWLUbNRMYHrSJ113uW2A8avE3GEB7X";"204075";"49960";"157,38717";"2,400545";"3,42092";"9561129873";"46851";"193536";"49402";"16,4611";"0,2511"
"BiSoNHVpsVZW2F7rx2eQ59yQwKxzU5NvBcmKshCSUypi";"105012568";"6108394";"156,277162";"418,48651";"943,54935";"32323135210";"308";"6199806";"5214";"4,8348";"12,947"
"JUP6LkbZbjS1jKKwapdHNy74zcZ3tLUZoi5QNyVTaV4";"2058261";"366660";"117,393495";"22,177698";"32,477778";"256506110371";"124623";"777033";"330110";"0,4577";"0,0865"
"6EF8rrecthR5Dkzon8Nwu78hRvfCKubJ14M5uBEwF6P";"4522769";"624445";"95,488998";"67,653023";"115,284193";"290460147972";"64222";"1880790";"154435";"0,3288";"0,2329"
"L6pUpkHtq3CLtJRTrZ9GsBxfweZ8iPS6CnDQMdmcbad";"10359";"10345";"89,33604";"0,002014";"0,053809";"1496004987";"144416";"10258";"145838";"59,7164";"0,0013"
"FsWxHsafrajWKW5YZTT76D8sYCAVfbA4iNoPxNFQqUet";"83671";"83655";"31,20385";"0,003924";"0,422279";"10967188568";"131075";"77567";"141390";"2,8452";"0,0004"
"8yvD3vvuJdXCaxuVKSc81SNgox3vcXfXgLCJii8WKBvU";"2098";"2093";"29,050828";"0,000795";"0,011285";"331643530";"158076";"1950";"170074";"87,5965";"0,0024"
"AtomCf57Gdp49TDf2q6w7ypqEwPEaCCpxbpTdD4RmDQt";"15217";"40";"27,112135";"0,00816";"0,084245";"2177305446";"143084";"14874";"146383";"12,4522";"0,0037"
"LBUZKhRxPF3XUpBCjp4YzTKgLccjZhTSDM9YuVaPwxo";"382322";"301094";"24,368408";"1,56903";"4,931205";"24588536019";"64314";"325460";"75550";"0,991";"0,0638"
"pythWSnswVUd12oZpeFP8e9CVaEqJg25g1Vtc2biRsT";"979480";"1727";"20,013624";"0,682017";"5,579417";"76005505436";"77598";"417434";"182078";"0,2633";"0,009"
"GekCNWDH4dMHZ8RWgN4w9KycNfb7AdM5cLe6w4E39Y46";"7064";"4925";"19,537136";"0";"0,03532";"1147475536";"162440";"6763";"169670";"17,0262";"0"
"2BKVtbJPi42KRjGQ6LmNApvHvXo89PW1iwnMgimhQeyP";"3734";"2378";"14,722724";"0";"0,01867";"469828111";"125824";"3716";"126434";"31,3364";"0"
"MevFXXGBgBMbr2c9G6GWE9Vo8qo8GCVed4jn1npP5tG";"54775";"6489";"11,090078";"0";"0,273875";"8189333342";"149509";"40705";"201187";"1,3542";"0"
"PERPHjGBqRHArX4DySjwM6UJHiR3sWAatqfdBS2qQJu";"16664";"15112";"8,836864";"0,082561";"0,165881";"2507716591";"150487";"13352";"187816";"3,5239";"0,0329"
"StenDH7EmnXdcniwsXgTWtN1ogfQksZ1C5UGBr7dNBG";"920648";"2703";"7,344735";"492,107924";"496,711164";"132326980451";"143732";"389745";"339522";"0,0555";"3,7189"
"SAbErai3UvzycbkooTMoQkD3Y7JVr5aEf7tEHBW1AWf";"11418";"11418";"6,365495";"1,1E-05";"0,057101";"1967948805";"172355";"10444";"188429";"3,2346";"0"
"Dpe4s2p9FfNPvCkQp58iwVVyAStC7JdRbSYSH1qvDFJY";"9366";"9366";"5,585254";"0";"0,09366";"136994396";"14627";"7895";"17352";"40,7699";"0"
"jesterKqzZ7hWfNLnUDeB8WtMrm7a44g2vSyhs7WmyT";"513992";"172";"4,745939";"628,955587";"631,525547";"87391110626";"170024";"296564";"294679";"0,0543";"7,197"
"8kJBErpatzi1AapVvF1AfwspAJ3k611WdQqE48JmVxAv";"11437";"11346";"4,546455";"0,05764";"0,114825";"1354302015";"118414";"11332";"119511";"3,357";"0,0426"
"8SDTDjFz1HmP7qzUZE6QaBuUqQ2eHwXabHJQwqDQok48";"8791";"8777";"4,338759";"0,001938";"0,045893";"446701519";"50814";"8694";"51380";"9,7129";"0,0043"
"MFv2hWf31Z9kbCa1snEPYctwafyhdvnV7FZnsebVacA";"82095";"8";"4,162208";"11,046071";"11,468951";"28243874922";"344039";"24773";"1140107";"0,1474";"0,3911"
"FXMNBxE9r4o5SxMi8vJrKNp1CNgtwUspHiPrspTPn96P";"3403";"3403";"3,939";"0";"0,03403";"195823640";"57544";"685";"285874";"20,115";"0"
"F6KwbonKLyLNbD1SfWDwKN3T3BUxK3Pguy3yxWtxo9w9";"1350";"707";"3,796388";"1,889588";"1,896338";"155213675";"114973";"1223";"126912";"24,4591";"12,1741"
"ARBTRGgcwmy3VS2W9YaauL7FSMBmB41cJ8EkfWGo8D6c";"184909";"184909";"2,913755";"0";"0,924545";"38269688603";"206965";"160308";"238726";"0,0761";"0"
"MNRytDTTpyyKbHuUCax5ZP5ZJf2X6iErjuBtS5sn2kc";"23038";"1600";"1,76";"0";"0,11519";"1888635605";"81979";"19446";"97122";"0,9319";"0"
"So1endDq2YkqhipRh3WViPa8hdiSpxWy6z3Z6tMCpAo";"5556";"16";"1,581473";"4,127908";"4,155688";"1327606616";"238950";"2806";"473131";"1,1912";"3,1093"
"G77G9wS9JzkzWNGwQjUhRswbA5N8hYKpCK4TZRj9G1Pw";"72655";"47051";"1,359144";"0";"1,0181";"781706250";"10759";"48387";"16155";"1,7387";"0"
"pAMMBay6oceH9fJKBRHGP5D4bD4sWpmSwMn52FMfXEA";"2141240";"17623";"1,099201";"51,849013";"62,758438";"217715174284";"101677";"1149936";"189328";"0,005";"0,2382"
"KLend2g3cP87fffoy8q1mQqGKjrxjC8boSyAYavgmjD";"168139";"6047";"1,034409";"143,10501";"143,945875";"30301375867";"180216";"105772";"286478";"0,0341";"4,7227"
"45fCmmKfFjZ1bYu7zHyUPYsfPauQAD1RVinUmBp8DbSb";"667689";"38891";"0,88537";"14,739386";"18,077831";"22896422840";"34292";"215900";"106051";"0,0387";"0,6437"
"CAMMCzo5YL8w4VFF8KVHrK22GGUsp5VTaW7grrKgrWqK";"96939";"18492";"0,837071";"0,636735";"1,13323";"7744182963";"79887";"91426";"84704";"0,1081";"0,0822"
"Zen8888uiVAni7eYnYVgGpdUujDyrzrzjG4EXRHDZ5q";"19147";"18807";"0,795126";"0,303658";"0,399393";"954740301";"49864";"18368";"51978";"0,8328";"0,3181"
"5ifgd2hU3y8k1EhuEW2DZRTkFGHCZ3WHsQ1JHL5MCvxZ";"77614";"77614";"0,622455";"0";"0,38807";"3405718402";"43880";"64745";"52602";"0,1828";"0"
"ChainWorksznk6gZyzGHUAxVUNuc79wznbf3DGnVxgyh";"574";"67";"0,463";"0,026";"0,02887";"57009323";"99319";"302";"188773";"8,1215";"0,4561"
"whirLbMiicVdio4qvUfM5KAg6Ct8VwpYzGff3uctyCc";"64506";"127";"0,351735";"0,526502";"0,893002";"2586136301";"40091";"60704";"42602";"0,136";"0,2036"
"dbcij3LWUppWqq96dh6gJWwBifmcGfLSB5D4DuSMaqN";"408547";"112";"0,32977";"0,182309";"3,368364";"34575273322";"84630";"308320";"112141";"0,0095";"0,0053"
"SSSnRENPEFnbQKfk7qFjiFyg4vku5CjLsxeEs9jWaTe";"1015";"1015";"0,291444";"1E-06";"0,005076";"156930467";"154611";"913";"171884";"1,8572";"0"
"CPMMoo8L3F4NbTegBCKVNunggL7H1ZpdTHKxQB5qKP1C";"127505";"181";"0,278205";"1,520628";"2,161898";"4145449067";"32512";"124463";"33307";"0,0671";"0,3668"
"675kPX9MHTjS2zt1qfr1NYHuzeLXfQM9H24wFSUt1Mp8";"291057";"60";"0,269253";"16,732962";"18,188247";"8324542953";"28601";"260355";"31974";"0,0323";"2,0101"
"7SyiQ664tWYCyWyKDftkfLspE85pJrUR4kJQwb6brYb9";"467511";"18815";"0,26815";"0";"4,743585";"1172632195";"2508";"97154";"12070";"0,2287";"0"
"FLASHX8DrLbgeR8FcfNV1F5krxYcYMUdBkrP1EPBtxB9";"1512188";"29087";"0,240737";"0";"7,56094";"132071990681";"87338";"799286";"165237";"0,0018";"0"
"HFn8GnPADiny6XqUoWE8uRPPxb29ikn4yTuPa9MF2fWJ";"88602";"15";"0,23066";"12,246947";"12,689957";"20698453562";"233612";"80559";"256935";"0,0111";"0,5917"
"cpamdpZCGKUy5JxQXB4dcpGPiikHawvSWAd6mEn1sGG";"148742";"8771";"0,18446";"2,39745";"3,67165";"8506887346";"57192";"103289";"82360";"0,0217";"0,2818"
"zapvX9M3uf5pvy4wRPAbQgdQsM1xmuiFnkfHKPvwMiz";"29490";"810";"0,171464";"0,144816";"0,339886";"12095820043";"410167";"29307";"412728";"0,0142";"0,012"
"CyahQUBnG86tAjrjCefx7gJWfbmvG7YVMooaMmCxDLva";"16563";"3534";"0,150652";"0,633165";"0,71598";"986477769";"59559";"10642";"92697";"0,1527";"0,6418"
"HYTuofQSW1WQnBKGa7zJfccPjoveLKDxCUiZvjRB5ep7";"6712";"121";"0,1122";"0";"0,03356";"64165548";"9560";"4123";"15563";"1,7486";"0"
"9w1D9okTM8xNE7Ntb7LpaAaoLc6LfU9nHFs2h2KTpX1H";"13886";"13886";"0,099581";"0";"0,06943";"365848596";"26347";"13107";"27912";"0,2722";"0"
"ajXj7hMUguMEwF2oAsQR7wyV54UcqpubHUAvMGKnHDh";"61098";"61";"0,09875";"0";"0,31536";"6151114362";"100676";"46607";"131978";"0,0161";"0"
"phDEVv4w6BcfkLrLNeXr8HhhgQxnxziVGXpGPcaadMf";"3460791";"98051";"0,098051";"0,001064";"17,305019";"715365174723";"206706";"1861949";"384202";"0,0001";"0"
"BSfD6SHZigAfDWSjzD5Q41jw8LmKwtmjskPH9XW1mrRW";"2920";"1971";"0,084144";"0";"0,0146";"235203405";"80549";"2641";"89058";"0,3577";"0"
"GKtyK68R4jAVDu9pZrZAdvHq8vo7R51WTRjU5SHt2fMa";"9056";"6574";"0,07353";"0";"0,090805";"400390271";"44213";"5838";"68583";"0,1836";"0"
"9GCBb4NsSDRuEkkGfQkN37oppmMVPops5sXDWhAKAvQQ";"45964";"2";"0,067939";"34,962299";"35,192119";"5329077125";"115940";"26727";"199389";"0,0127";"6,5607"
"65VKabrEQy6UDtcrZKmRGpizaZWw3aANKV5XMb3geJng";"67892";"63738";"0,063759";"0";"0,33946";"2368350021";"34884";"36303";"65238";"0,0269";"0"
"LiMoM9rMhrdYrfzUCxQppvxCSG1FcrUK9G8uLq4A1GF";"46033";"171";"0,060708";"36,828903";"37,059068";"11968619472";"260001";"24636";"485818";"0,0051";"3,0771"
"6jMi2CRpAA6uah3qzPpCR8SL8MsuAsB9MtCTKkufXkw2";"1132";"591";"0,055554";"0,018311";"0,023971";"98541944";"87051";"1132";"87051";"0,5638";"0,1858"
"2e4JmcfcGpLgH4wCWzYxnms5DEiMEJeyE2VbpY4HvMVN";"3070";"107";"0,0535";"0";"0,029795";"270888800";"88237";"2203";"122964";"0,1975";"0"
"D4aBeFn9DBhU41kFNvr9kVKRuBy858ATxwTevmJCCJYL";"996028";"31";"0,0367";"0";"10,00901";"3438718382";"3452";"137321";"25041";"0,0107";"0"
"REFER4ZgmyYx9c6He5XfaTMiGfdLwRnkV4RPp9t9iF3";"6003";"5";"0,03";"0,492647";"0,522707";"191356575";"31877";"4642";"41223";"0,1568";"2,5745"
"FEeSA5Er5hR9B6GFnu59MGcWazERt7jfaCkzGuQxs2XT";"21";"3";"0,022503";"0,09";"0,090105";"990318";"47158";"21";"47158";"22,723";"90,8799"
"AURAsuSzLv3v8SX3Y7emMFzGTWiepJK3Sm4x77GB9n1G";"95";"1";"0,0182";"0,048885";"0,04936";"2993363";"31509";"85";"35216";"6,0801";"16,3311"
"DSw5ibYPfvZH3VxCCwBWFNndu1pGTAkKfb6M1h9zwD8E";"2125";"18";"0,0172";"0";"0,010625";"38210800";"17982";"1220";"31320";"0,4501";"0"
"routeUGWgWzqBWFcrCfv8tritsqukccJPu3q5GPP3xS";"1266654";"173";"0,017126";"30,852699";"37,186249";"148273201395";"117059";"1082155";"137017";"0,0001";"0,2081"
"Swap2Ex1jbDx4c2kDVgCrUX3GWCHZsFn4n8vecY5ycf";"6076";"17";"0,015342";"0,077702";"0,108082";"1323455939";"217817";"2851";"464208";"0,0116";"0,0587"
"LanMV9sAd7wArD4vJFi2qDdfnVhFxYSUg6eADduJ3uj";"4698";"91";"0,013493";"0,098633";"0,149198";"509750787";"108504";"4649";"109647";"0,0265";"0,1935"
"fUSioN9YKKSa3CUC2YUc4tPkHJ5Y6XW1yz8y6F7qWz9";"1705";"1573";"0,012584";"0,006561";"0,015086";"86602112";"50793";"1382";"62664";"0,1453";"0,0758"
"6AXRaajKYrh6Q4tKkeD8hXB7D4uUr91wXjhYYHULeLZU";"192";"17";"0,0085";"0,081705";"0,082665";"20158122";"104990";"190";"106095";"0,4217";"4,0532"
"dRiftyHA39MWEi3m9aunc5MzRF1JYuBsbn6VPcn33UH";"214718";"159";"0,007807";"0,009118";"1,082713";"38230340707";"178049";"198165";"192922";"0,0002";"0,0002"
"A1akazamWUPTYbXJyGPXDi27K8RqVXNAZ4g2KzYmw4hq";"6529";"72";"0,0072";"0";"0,052465";"955694068";"146377";"3811";"250773";"0,0075";"0"
"GDExVWfNUUhZ7obMJPmNFzqfaST3Zfs7W95iAHVqMLLi";"23";"19";"0,0046";"0,005202";"0,005317";"2259184";"98225";"23";"98225";"2,036";"2,3024"
"EtrnLzgbS7nMMy5fbD42kXiUzGg8XQzJ972Xtk1cjWih";"637378";"46";"0,004501";"6,187346";"9,374236";"1713875485";"2689";"226784";"7557";"0,0026";"3,6101"
"DF1ow4tspfHX9JwWJsAb9epbkA8hmpSEAtxXy1V27QBH";"11831";"86";"0,002179";"0,023068";"0,122853";"2437683935";"206042";"11492";"212120";"0,0009";"0,0095"
"SPoo1Ku8WFXoNDMHPsrGSTSG1Y47rzgn41SLUNakuHy";"20480";"276";"0,00152";"1,6E-05";"0,103851";"1173929722";"57321";"10964";"107071";"0,0013";"0"
"FQpPbY4Ny2wevcgw9v3bDu43S8V3cRwQuPtvg55dhqRS";"84";"84";"0,001495";"0,029848";"0,030268";"21410314";"254885";"84";"254885";"0,0698";"1,3941"
"FLASH6Lo6h3iasJKWDs2F8TkW2UKf3s15C8PMGuVfgBn";"73080";"14";"0,001";"1,315944";"1,682164";"8187976341";"112041";"71575";"114397";"0,0001";"0,1607"
"wormDTUJ6AWPNvk59vGQbDvGJmqbDTdgWgAqcLBCgUb";"8175";"1";"0,001";"0,508863";"0,551058";"821825648";"100529";"7759";"105919";"0,0012";"0,6192"
"voTpe3tHQ7AjQHMapgSue2HJFAh2cGsdokqN3XqmVSj";"39889";"5";"0,0005";"0,10274";"0,309965";"738347179";"18510";"37473";"19703";"0,0007";"0,1391"
"M2mx93ekt1fmXSVkTrUL9xVFHkmME8HTUi5Cyc5aF7K";"132";"2";"0,0002";"0,00022";"0,001175";"3796608";"28762";"94";"40389";"0,0527";"0,0579"
"CRSeeBqjDnm3UPefJ9gxrtngTsnQRhEJiTA345Q83X3v";"77390";"1";"0,0002";"4,893469";"5,280419";"1410448024";"18225";"55545";"25393";"0,0001";"3,4694"
"Eo7WjKq67rjJQSZxS6z3YkapzY3eMj6Xy8X5EQVn5UaB";"13635";"10";"0,000185";"0,425437";"0,493762";"1298337263";"95221";"12664";"102522";"0,0001";"0,3277"
"SBondMDrcV3K4kxZR1HNVT7osZxAHVHgYXL5Ze1oMUv";"272093";"1";"1E-05";"0,033399";"1,396539";"7219609204";"26534";"226096";"31932";"0";"0,0046"
"HpNfyc2Saw7RKkQd8nEL4khUcuPhQ7WwY1B2qjx8jxFq";"2076";"5";"2E-06";"0,052336";"0,062721";"169946804";"81863";"1633";"104070";"0";"0,308"
"CCTPmbSD7gX1bxKPAmg77w8oFzNFpaQiQUWD43TKaecd";"6327";"2";"2E-06";"0,719601";"0,751236";"1124597199";"177746";"5796";"194030";"0";"0,6399"
"BwRZQcpiqQrQkpfWJDxzcpojPRmTB21FoVQYkcZBBReo";"139344";"3";"1E-06";"1,327066";"2,023786";"25354571677";"181957";"81880";"309655";"0";"0,0523"
"3AQz4t3ShixZWw5vhvkAindHhMco3s12gxgvGuMeh2Yg";"824687";"0";"0";"0,45239";"4,575825";"126652055818";"153576";"184005";"688308";"0";"0,0036"
"DeJBGdMFa1uynnnKiwrVioatTuHmNLpyFKnmB5kaFdzQ";"21153";"0";"0";"0";"0,105765";"598480247";"28293";"21015";"28479";"0";"0"
"SSwpkEEcbUqx4vtoEByFjSkhKdCT862DNVb52nZg1UZ";"6";"0";"0";"0";"3E-05";"302272";"50379";"6";"50379";"0";"0"
"T1TANpTeScyeqVzzgNViGDNrkQ6qHz9KrSBS4aNXvGT";"668";"0";"0";"0,068054";"0,071394";"93031761";"139269";"668";"139269";"0";"0,7315"
"foRGEL4EUjeQMd8U2QL5Rx8je75ZFpmtLoWRyyAxxr7";"1280";"0";"0";"0";"0,01299";"153055583";"119575";"1242";"123233";"0";"0"
"D8C8iW6zmoKg5TRr8nQ7h14TMWqQX8FiBdj2ju5MF3wa";"406";"0";"0";"0,013304";"0,015714";"44754724";"110233";"406";"110233";"0";"0,2973"
"EhUtRgu9iEbZXXRpEvDj6n1wnQRjMi2SERDo3c6bmN2c";"3502";"0";"0";"0,144036";"0,161546";"56389838";"16102";"3501";"16107";"0";"2,5543"
"57GQDhcco4bv4Ngcg7gc6huEYepnGU4PZAGHQCFJmjNW";"2538";"0";"0";"0";"0,01309";"161472079";"63622";"2504";"64486";"0";"0"
"FtyzXdj1NRexpX3WJqxs4qaqo2S2LehiRPyPY9hWDarn";"634970";"0";"0";"14,887592";"18,062442";"15186197862";"23916";"199449";"76141";"0";"0,9803"
"UtyXF479UFC78u1ZV94JtXmnd7njb5FmSYZfFFdP1sT";"8081";"0";"0";"0";"0,040405";"39152445";"4845";"8081";"4845";"0";"0"
"idemJL67fKhpev5vKcxHrosuVyTat6wVC9sFfoPVg3Y";"136750";"0";"0";"0";"1,3675";"1655994313";"12110";"24399";"67871";"0";"0"
"inscokhJarcjaEs59QbQ7hYjrKz25LEPRfCbP8EmdUp";"4920";"0";"0";"0";"0,0246";"133250902";"27084";"4622";"28830";"0";"0"
"5bsFrMYiXMEEkVny2x37J1kK3U6h6RbtYGqxNAAFeSV7";"64913";"0";"0";"1,690913";"2,015478";"9753688773";"150258";"32270";"302253";"0";"0,1734"
"HLZs9XgTLYAcb76gXUXuMW5JYugBpvxBSD1m5zarTgS7";"3599";"0";"0";"0";"0,017995";"77348744";"21492";"3597";"21504";"0";"0"
"7FaMyGiTVdjm8dd3PxpjjCX15ibbmuE1zWVFX2PHxYUK";"226783";"0";"0";"0";"1,133915";"8740105792";"38540";"217706";"40146";"0";"0"
"1avaAUcjccXCjSZzwUvB2gS3DzkkieV2Mw8CjdN65uu";"66997";"0";"0";"4,342191";"4,677196";"1221662048";"18235";"48113";"25392";"0";"3,5543"
"EG67mGGTxMGuPxDLWeccczVecycmpj2SokzpWeBoGVTf";"2593";"0";"0";"0";"0,012965";"332831649";"128358";"2593";"128358";"0";"0"
"proVF4pMXVaYqmy4NjniPh4pqKNfMmsihgd4wdkCX3u";"678";"0";"0";"0,026106";"0,029496";"125321135";"184839";"674";"185936";"0";"0,2083"
"vaU6kP7iNEGkbmPkLmZfGwiGxd4Mob24QQCie5R9kd2";"23721";"0";"0";"0,009515";"0,12812";"564109778";"23781";"15450";"36512";"0";"0,0169"
"CroWg74XNDF8UMnAZVbXx49iVj7iJ7b4CsqTCVWF7aK";"610588";"0";"0";"44,799197";"47,852137";"91644294039";"150092";"360441";"254256";"0";"0,4888"
"4fjiA3BqRSYybXfpMuFzGhq5rSMkUPthGqWQEYKKKXkY";"1151";"0";"0";"0";"0,010975";"45680021";"39687";"1111";"41116";"0";"0"
"AUREUSL1HBkDa8Tt1mmvomXbDykepX28LgmwvK3CqvVn";"14";"0";"0";"0";"7E-05";"515812";"36844";"14";"36844";"0";"0"
"BBbD1WSjbHKfyE3TSFWF6vx1JV51c8msKSQy4ess6pXp";"67";"0";"0";"0,010701";"0,011036";"2910469";"43440";"67";"43440";"0";"3,6766"
"oBNKAcrLhfRhYn7QnmjevGAvR7cCs47CAufBSJGhwt3";"32935";"0";"0";"0";"0,164675";"988186127";"30004";"17812";"55479";"0";"0"
"5e8WewiqFEkSHQojtdCHMuuEQ6K7x3QWax5fpNMiH7KX";"3146";"0";"0";"0";"0,02202";"169594726";"53908";"3037";"55843";"0";"0"
"BanDz6p8Sy3gzm3r8VUNVGQhR8tzPJFbVgZjzspArU6";"6779";"0";"0";"0";"0,033895";"415576532";"61304";"6779";"61304";"0";"0"
"CM9y2DreJSMqzoRRrLkWEZzTB9ve5D4gQHcPPxrw8mxg";"1866";"0";"0";"0";"0,00933";"10830745";"5804";"1866";"5804";"0";"0"
"741nYipMruTkSC2N1F38yXfMWTDywSCAAhddpXmw6KiX";"19346";"0";"0";"0";"0,09673";"1577896464";"81562";"13515";"116751";"0";"0"
"NBSVPf3v6um9fFvazQhidd7ePCkJ82gh2ATYMo1Dcbp";"1352";"0";"0";"0";"0,013245";"108383789";"80166";"1348";"80403";"0";"0"
"3JewDFh1NBryPrfcxKpepHks4cUyQPZWsf3DoK1r93ou";"609";"0";"0";"0";"0,003045";"62853757";"103208";"608";"103378";"0";"0"
"FBLPCK5w3wxpfxsdZfBcRfQCSXcC9x2cmocYHb5K6EZc";"8";"0";"0";"0,016";"0,01604";"2436836";"304605";"8";"304605";"0";"6,5659"
"2M86GVGn3AHgAX9afQrYeSEETJBs9qmDtxb3f6kEa87H";"152937";"0";"0";"3,775988";"4,540673";"23306482345";"152393";"65885";"353745";"0";"0,162"
"HypvYnf7zWxy1oWsSFpuN4nRDuXNUi88AeEourc7mq4Z";"6230";"0";"0";"0";"0,03115";"147360699";"23653";"6181";"23841";"0";"0"
"SV2EYYJyRz2YhfXwXnhNAevDEui5Q6yrfyo13WtupPF";"201";"0";"0";"0,084879";"0,085884";"25806732";"128392";"113";"228378";"0";"3,289"
"TFPfZhKxtEBoz1um1LcnuzYeKKdHiNbCtmXVuVAFcMU";"8656";"0";"0";"0";"0,04329";"161191808";"18622";"8501";"18962";"0";"0"
"AnCCJjheynmGqPp6Vgat9DTirGKD4CtQzP8cwTYV8qKH";"808";"0";"0";"0,777649";"0,781689";"95601709";"118319";"808";"118319";"0";"8,1343"
"vBoNdEvzMrSai7is21XgVYik65mqtaKXuSdMBJ1xkW4";"929189";"0";"0";"0";"4,69921";"65863463296";"70883";"60767";"1083869";"0";"0"
"oFrmsC5N3q3h96HW4dwn2LVNREaAXbgqkd45wVPAH8Y";"13656";"0";"0";"0";"0,06828";"601914964";"44077";"8021";"75042";"0";"0"
"BDHztFsD45xQDfwEg2rGyZjQPaMeDm9Lxg25LBxBeyA1";"2449";"0";"0";"0";"0,014685";"192880628";"78759";"2448";"78791";"0";"0"
"F2rSwpfYCTWiBGmPTkk2zbMMiF6A1wRGjBUB1XxzoGBf";"202708";"0";"0";"0";"1,01354";"3701811968";"18262";"62284";"59434";"0";"0"
"DHFkF589sftXMvirmVGoMPk9rjzvUEiRTJvdT7yYXdmu";"1908";"0";"0";"0";"0,00954";"18725955";"9814";"1908";"9814";"0";"0"
"GUAx5MKATvSf9udMT6TvZmomQ6Qyr85ZEdaEazk9kZiv";"2404";"0";"0";"0";"0,023355";"28279091";"11763";"2328";"12147";"0";"0"
"goonuddtQRrWqqn5nFyczVKaie28f3kDkHWkHtURSLE";"2219";"0";"0";"0";"0,011095";"11373928";"5126";"2219";"5126";"0";"0"
"HfxJdaQDzgoeSqX1amL69myyZQqrab5M9wjbotV8i6N2";"1398";"0";"0";"0";"0,01398";"8016364";"5734";"200";"40082";"0";"0"
"3w1ggZZ4hbi5sfLKSvz3pgh6S6nMQBSBtuzCyFHgnbKi";"3694";"0";"0";"0";"0,01847";"95247178";"25784";"3694";"25784";"0";"0"
"n1brh2AaBbnMPEjpoCDFs1fzWb5Pa8FC1o8yXp2fAqM";"107939";"0";"0";"0,0048";"0,686655";"5980751385";"55409";"90292";"66238";"0";"0,0008"
"gdrpGjVffourzkdDRrQmySw4aTHr8a3xmQzzxSwFD1a";"29357";"0";"0";"0";"0,146795";"1014396174";"34554";"28354";"35776";"0";"0"
"eUSXyKoZ6aGejYVbnp3wtWQ1E8zuokLAJPecPxxtgG3";"2417";"0";"0";"0";"0,012085";"80779817";"33422";"2049";"39424";"0";"0"
"BidUuhFU1wyjgmpTv4YMQrqzersavZLJRnsgpw3i4k88";"2853";"0";"0";"0";"0,014265";"121663479";"42644";"2852";"42659";"0";"0"
"4mtdvZoV3bccQzx6HgGG3XYfffxMaTrHRPL8KqnTM243";"28520";"0";"0";"0,00015";"0,14275";"200497383";"7030";"28518";"7031";"0";"0,0007"
"VybePyKgr1zqnwrvNPunahVE48G7BrBHqP8Ct89L5gC";"3006";"0";"0";"0,015512";"0,030542";"98363490";"32722";"1548";"63542";"0";"0,1577"
"A85mbYhhsC5X8Qz1hJbt5RfD4uptLtkgkRQGvhgQ8AT7";"25467";"0";"0";"0";"0,127335";"300303289";"11792";"25467";"11792";"0";"0"
"traderDnaR5w6Tcoi3NFm53i48FTDNbGjBSZwWXDRrg";"2793";"0";"0";"0";"0,016505";"176755078";"63285";"2633";"67131";"0";"0"
"3SPZe4P7h5Jjn2cuS5WXS2GpnyLHUQPzAxNLXBGuEb3S";"6213";"0";"0";"0";"0,031065";"1034403832";"166490";"6213";"166490";"0";"0"
"KvauGMspG5k6rtzrqqn7WNn3oZdyKqLKwK2XWQ8FLjd";"35850";"0";"0";"0,207371";"0,386621";"7424762578";"207106";"35489";"209213";"0";"0,0279"
"BXsPawZ6SgjwAKsDq5ZN39ApU7vphpr2nRvhz1y8P2WL";"5621";"0";"0";"0";"0,03151";"189710822";"33750";"5221";"36336";"0";"0"
"trsrzhs1sRgiHcKhjMmRrgK3X8Wus3LBWogF7t13wzZ";"18";"0";"0";"0,032971";"0,033061";"1602216";"89012";"18";"89012";"0";"20,5786"
"HuTkmnrv4zPnArMqpbMbFhfwzTR7xfWQZHH1aQKzDKFZ";"33005";"0";"0";"0";"0,165025";"5862544715";"177626";"33005";"177626";"0";"0"
"EEEEoTnDmkwqpcxNMg4yoa9QFJpp4NEgzGykzi1cHrM9";"5831";"0";"0";"0";"0,05802";"396549602";"68007";"5828";"68042";"0";"0"
"ALPHAQmeA7bjrVuccPsYPiCvsi428SNwte66Srvs4pHA";"14";"0";"0";"0,002022";"0,002092";"1915184";"136799";"6";"319197";"0";"1,0557"
"nTtWMBHa1LvWqPbuhS3uRGPmhxw9XNDKzFmjtwHY4cc";"60";"0";"0";"0,052053";"0,052353";"4678074";"77968";"60";"77968";"0";"11,127"
"6k9DQREaFRtefjzMt98tKSVcNUnxLDxma7avzu739q4H";"4184";"0";"0";"0";"0,02092";"92200869";"22037";"4150";"22217";"0";"0"
"2snGap4Sehqid8zhufpTmGZbPxWsD1c6ab7rcMaocoou";"9";"0";"0";"0,018";"0,018045";"2854449";"317161";"9";"317161";"0";"6,3059"
"5hdrbhMZ7qhAu4Jk7DriTQfrx4UC58cLnQ7MANKp2CoK";"332";"0";"0";"0,058825";"0,060485";"11017175";"33184";"327";"33692";"0";"5,3394"
"worm2ZoG2kUd4vFXhvjh93UUH596ayRfgQ2MgjNMTth";"13805";"0";"0";"0,736419";"0,805444";"1112790377";"80608";"13387";"83125";"0";"0,6618"
"7pz2QJ8RV11pKiKGmCFRonqFnz8UEj7ZJrFdKUA5K1Cp";"28795";"0";"0";"0";"0,287945";"524642329";"18220";"24040";"21824";"0";"0"
"6m9TTqMk9RoJxNjGMrTeNAmjewMWfmk2gRYubPDE8x6k";"544001";"0";"0";"5,57266";"8,292665";"84116511017";"154626";"158971";"529131";"0";"0,0662"
"6WPHMhYD7JLAF1HEtC6Ddkn93ADbGtyC93HUh7wy75m2";"288233";"0";"0";"0";"1,441165";"4035014819";"13999";"215832";"18695";"0";"0"
"PCFA5iYgmqK6MqPhWNKg7Yv7auX7VZ4Cx7T1eJyrAMH";"7449";"0";"0";"0,0072";"0,044445";"260627078";"34988";"7440";"35031";"0";"0,0276"
"ExponentnaRg3CQbW6dqQNZKXp7gtZ9DGMp1cwC4HAS7";"31";"0";"0";"0";"0,000155";"779637";"25150";"31";"25150";"0";"0"
"NTTLfv5maZDudMfd9gNjn99dcEgRMY3E5johLyE4Pm2";"28";"0";"0";"0,01";"0,01014";"2092673";"74738";"28";"74738";"0";"4,7786"
"DGgwXnCW9ERZoqEbk47Z1Ny7tHmpptFLzBmq9ydua259";"113896";"0";"0";"0";"0,56948";"1842318842";"16175";"108378";"16999";"0";"0"
"noteD9tEFTDH1Jn9B1HbpoC7Zu8L9QXRo7FjZj3PT93";"6191";"0";"0";"0";"0,030955";"6722122";"1086";"6186";"1087";"0";"0"
"RTMBGKx9bkBMtFgRsob8S4fEhbK5MBkrVAuFkcrw8bc";"2592";"0";"0";"0";"0,02592";"378005210";"145835";"2588";"146061";"0";"0"
"7mSqZcYPUGm99M6sGpNRHjorbB1NPF3ThyTpEjhkKzKF";"3079";"0";"0";"0";"0,015395";"58887100";"19125";"3078";"19132";"0";"0"
"Yt3A8KLfo7JEz8RGHw2zbaQE6MVcf9duKmb24dgXbsD";"35425";"0";"0";"0,717605";"0,89476";"185787123";"5245";"25860";"7184";"0";"3,8625"
"EmTX93xYtDE3h7G5EF2m9VRPE1UT1XBoohpVmEzE4oEU";"132963";"0";"0";"0";"1,30602";"916222042";"6891";"118005";"7764";"0";"0"
"B1osUCap5eJ2iJnbRqfCQB87orhJM5EqZqPcGMbjJvXz";"3475";"0";"0";"0,0027";"0,020075";"41816735";"12034";"2907";"14385";"0";"0,0646"
"CdqN1SG856NhbZ9EW3RZRkPi7trjHfNx9RKZPUcgqjqf";"60349";"0";"0";"0";"0,301745";"1435912874";"23793";"60260";"23829";"0";"0"
"B1sFgxd4X7WSw9622AoWna7YoweSm9oXARL2Dk5vtBAs";"32";"0";"0";"0,034962";"0,035122";"1551668";"48490";"32";"48490";"0";"22,5319"
"CCTPV2Sm4AdWt5296sk4P66VBZ7bEhcARwFaaS9YPbeC";"1245";"0";"0";"0,126781";"0,133006";"226554494";"181971";"1238";"183000";"0";"0,5596"
"FDF8AxHB8UK7RS6xay6aBvwS3h7kez9gozqz14JyfKsg";"15654";"0";"0";"3,377033";"3,455303";"431257459";"27549";"15606";"27634";"0";"7,8307"
"oxp5daG6BinG1AL2W83RQmmN8tcXJqrqy3bYprLMRV8";"990";"0";"0";"0";"0,009325";"36146968";"36512";"970";"37265";"0";"0"
"SAGE2HAwep459SNq61LHvjxPk4pLPEJLoMETef7f7EE";"1020414";"0";"0";"0";"5,10249";"120695375035";"118281";"891911";"135322";"0";"0"
"BMBpXq5RaoRf5pGsQpuwjcozaLF2TuNCmYKKcFJjFiFS";"2720";"0";"0";"0";"0,0136";"356627243";"131113";"2685";"132822";"0";"0"
"HmaXyMUBP1J84LafYVRus1PS498F2FXJNCxtbTrNnkGf";"3040";"0";"0";"0";"0,0152";"261945416";"86166";"3018";"86794";"0";"0"
"2LpxztCB9YjLxPwp8XdkYPtEaQBEkB3ejuDbYtHbkEZ8";"2044";"0";"0";"0";"0,020435";"50625720";"24768";"1765";"28683";"0";"0"
"8r2jms1vAnHhtCWxDNSgiHvQNSzzJvGa9oBRCbBPCBNN";"2077";"0";"0";"0";"0,02077";"40529979";"19514";"2071";"19570";"0";"0"
"4TGVS3XzavdmjdEU6axw2Wtzc7iV94HoQo55eHteqrd7";"79227";"0";"0";"0";"0,396135";"1765024728";"22278";"79049";"22328";"0";"0"
"EfRMrTJWU2CYm52kHmRYozQNdF8RH5aTi3xyeSuLAX2Y";"29";"0";"0";"0,058";"0,058145";"9574287";"330148";"29";"330148";"0";"6,0579"
"EG1BjZMraQcrHoPkR4qXs2T2trCarQH5nfJV7VjUUnkN";"2742";"0";"0";"0";"0,01371";"18533195";"6759";"2742";"6759";"0";"0"
"3am45Ut1oBZZU9qKuodfe4Ck1HB4wkAp7bDkonBhbeAe";"120";"0";"0";"0,0084";"0,009";"6856600";"57138";"120";"57138";"0";"1,2251"
"CSgoqaRA4ckXXDZRfS87hCSPsAuST7KSeyx8okT49cM";"3856";"0";"0";"0";"0,05784";"72252493";"18738";"3854";"18747";"0";"0"
"7TAvuPyU7cDMhhfXs1yCDZPEEbPuynd7zVeUtQLjfLmZ";"11696";"0";"0";"2,687904";"2,746384";"1702969686";"145603";"8173";"208365";"0";"1,5784"
"QuaNTM82oyFNjoJCZwCqJiynjndct7tcEntxPuWL1RL";"14348";"0";"0";"0";"0,07174";"331740475";"23121";"8396";"39512";"0";"0"
"DEGNpUs8DhLSdDiU25BAmCQn2U6eN8nMAYwbLb41BPqY";"11260";"0";"0";"0,41389";"0,47019";"713920264";"63403";"10578";"67491";"0";"0,5797"
"pyti8TM4zRVBjmarcgAPmTNNAXYKJv7WVHrkrm6woLN";"1160";"0";"0";"0,005445";"0,011295";"232690214";"200595";"1155";"201463";"0";"0,0234"
"save8RQVPMWNTzU18t3GBvBkN9hT7jsGjiCQ28FpD9H";"2292";"0";"0";"0";"0,01146";"148498501";"64790";"2283";"65045";"0";"0"
"Arcj82pX7HxYKLR92qvgZUAd7vGS1k4hQvAFcPATFdEQ";"2978";"0";"0";"0";"0,01489";"203210935";"68237";"1617";"125672";"0";"0"
"KeyspM2ssCJbqUhQ4k7sveSiY4WjnYsrXkC8oDbwde5";"6676";"0";"0";"0";"0,066695";"77499818";"11609";"6570";"11796";"0";"0"
"DKLsYHdYyeeQjyLTUDSRxswMTi1NhUUUWX2wqFHQDXpC";"6326";"0";"0";"0";"0,06326";"6740494";"1066";"6325";"1066";"0";"0"
"MNFSTqtC93rEfYHB6hF82sKdZpUDFWkViLByLd1k1Ms";"83041";"0";"0";"0,008503";"0,423708";"2551261565";"30723";"68500";"37245";"0";"0,0033"
"3parcLrT7WnXAcyPfkCz49oofuuf2guUKkjuFkAhZW8Y";"1";"0";"0";"0";"5E-06";"16099";"16099";"1";"16099";"0";"0"
"inv1tEtSwRMtM44tbvJGNiTxMvDfPVnX9StyqXfDfks";"2025";"0";"0";"0,016";"0,031325";"30593141";"15108";"1895";"16144";"0";"0,523"
"iLEPWontSkuaCDeg8psrxB3mVHAA39fWWRtinSJcrtJ";"1982";"0";"0";"0";"0,00991";"42392625";"21389";"1900";"22312";"0";"0"
"CCTPV2vPZJS2u2BBsUoscuikbYjnpFmbFsvVuJdgUMQe";"4052";"0";"0";"0,067697";"0,108612";"200413501";"49460";"4045";"49546";"0";"0,3378"
"SW1TCH7qEPTdLsDHRgPuMQjbQxKdH2aBStViMFnt64f";"3";"0";"0";"0";"1,5E-05";"260052";"86684";"1";"260052";"0";"0"
"FmmpibCiLk5s9um96xmZGxFcXn5M7dvdZsduf3v4L4Rg";"6098";"0";"0";"0";"0,03049";"130457928";"21394";"6098";"21394";"0";"0"
"48EWpApsQihHzvnq8hRrhn51PJWB1r41HmEyfxLWoNNC";"844";"0";"0";"0";"0,00844";"93208862";"110437";"844";"110437";"0";"0"
"vanshF62ku4jVVdf8DS47SXuJC1rq8qokGSANAomhey";"3749";"0";"0";"2,144299";"2,181789";"321862774";"85853";"3747";"85899";"0";"6,6622"
"EQYRmLmkE7G7a2WQyojwrXg4SeguypCdnbm3ecncizsd";"1391";"0";"0";"0";"0,01068";"23582259";"16953";"1222";"19298";"0";"0"
"26DkA98jjctzPkBEteUsN935CR4dsKx3XvjrtE7MeL4a";"12192";"0";"0";"0";"0,12192";"292294950";"23974";"11255";"25970";"0";"0"
"FTV2J5PDkJAJynkiDEvX3LXPQ7RTVaHuYGYRDRXoHpXE";"19193";"0";"0";"0";"0,095965";"458736638";"23901";"17247";"26598";"0";"0"
"Gmso1uvJnLbawvw7yezdfCDcPydwW2s2iqG3w6MDucLo";"109";"0";"0";"0";"0,000545";"724961";"6651";"109";"6651";"0";"0"
"5noZYmNbF6Y9btiFijLtacZTdLTNCoZ5yfbPKamHzTqA";"28249";"0";"0";"0";"0,141245";"561561049";"19879";"25006";"22457";"0";"0"
"vVoLTRjQmtFpiYoegx285Ze4gsLJ8ZxgFKVcuvmG1a8";"55350";"0";"0";"0,508169";"0,784974";"11025088943";"199189";"54790";"201224";"0";"0,0461"
"srtJ3oQoazxhiiFj6CdEowvkTgUxvn6NQNmJ5VrwkD9";"3659";"0";"0";"0";"0,018295";"107558758";"29396";"3659";"29396";"0";"0"
"MashGQTqcKDZAMevJKST9RYqJTL2Ae9NpcSuCE9WYqK";"13616";"0";"0";"0";"0,06809";"277482553";"20379";"9362";"29639";"0";"0"
"Sea3VpnUhM9WqWqUqVGxjqqxzFvkb8abkXaPVKdmyiR";"11729";"0";"0";"0,036301";"0,094946";"2187525825";"186506";"9937";"220139";"0";"0,0166"
"wMNFSTkir3HgyZTsB7uqu3i7FA73grFCptPXgrZjksL";"109287";"0";"0";"0,049427";"0,595862";"6082935384";"55660";"87540";"69487";"0";"0,0081"
"RangohQxaWip6i1twAAnRVLmob9j88fid7sq2DMAATW";"11185";"0";"0";"1,771235";"1,82716";"2015594185";"180205";"11169";"180463";"0";"0,8788"
"UMBRAkrfUTHuPAjDQXgmpoQjGGyhtqiRqWNrMroEijV";"2324";"0";"0";"0";"0,01162";"94906180";"40837";"1990";"47692";"0";"0"
"ZERor4xhbUycZ6gb9ntrhqscUcZmAbQDjEAtCf4hbZY";"14";"0";"0";"0,001908";"0,001978";"1469792";"104985";"7";"209970";"0";"1,298"
"6bES2dKy1ee13HQ4uW4ycw4Kw4od9ziZeWMyAxVySYEd";"5925";"0";"0";"0";"0,0297";"174514431";"29454";"5924";"29459";"0";"0"
"HbPEwwAbEqbTJ3H8gJc7VYw1VB7ZMTRAm5u1QvQiUk4E";"63582";"0";"0";"0";"0,31791";"1375998351";"21641";"63555";"21651";"0";"0"
"CrUptMreyezRbdHJbeZ5sMJ9idiSuMUJpdchQzY6NFjL";"11547";"0";"0";"0";"0,057735";"850621581";"73666";"5744";"148089";"0";"0"
"BhJiMfRrxYXDhm73tL5neTJbWkkyfH6DbR8od2smYtJj";"37475";"0";"0";"0";"0,187375";"2431086422";"64872";"34436";"70597";"0";"0"
"jup3YeL8QhtSx1e253b2FDvsMNC87fDrgQZivbrndc9";"35794";"0";"0";"0,008401";"0,187371";"2980881113";"83279";"35196";"84694";"0";"0,0028"
"B98Jqm7nogHiidnrLZZYvSwTtZScqmzmsEZdKtuddMkT";"10547";"0";"0";"0";"0,105225";"799691934";"75822";"8460";"94526";"0";"0"
"DRSw8uSW9De7eCKSM9qXm7aD2QKrvcJnA7Hf4Uu3ezYM";"885";"0";"0";"0,069197";"0,073622";"101732224";"114952";"226";"450143";"0";"0,6802"
"SP12tWFxD9oJsVWNavTTBZvMbA6gkAmxtVgxdqvyvhY";"87";"0";"0";"0,11571";"0,116145";"1445603";"16616";"86";"16809";"0";"80,0427"
"unpXTU2Ndrc7WWNyEhQWe4udTzSibLPi25SXv2xbCHQ";"1990";"0";"0";"5,1E-05";"0,019936";"282716923";"142069";"843";"335370";"0";"0,0002"
"Q72w4coozA552keKDdeeh2EyQw32qfMFsHPu6cbatom";"11721";"0";"0";"0";"0,05861";"630639";"54";"10437";"60";"0";"0"
"5iF614oQbNriGr34jXMgKC2TUSxGFoqhYVipbn8awvyr";"2697";"0";"0";"0,061672";"0,083367";"431982579";"160172";"1959";"220512";"0";"0,1428"
"ECMijTJd3GQDiS5qtsKcaUZgXNyK6Z99UnDxwtdR9ech";"40218";"0";"0";"0";"0,20109";"900883200";"22400";"40218";"22400";"0";"0"
"FCW1uBM3pZ7fQWvEL9sxTe4fNiH41bu9DWX4ErTZ6aMq";"2762";"0";"0";"0,072923";"0,088073";"117895418";"42685";"2756";"42778";"0";"0,6185"
"BqYjRiMGYHMfKTwwra7Lg8eMxEKF3oJiTkPEwir1hw3s";"39213";"0";"0";"0";"0,196065";"1794059862";"45752";"33814";"53057";"0";"0"
"7wuFcHkbVckS6nMqZ5pg6ykmw5uWTqzvqK1gdb8xGdp4";"17999";"0";"0";"0,638458";"0,728453";"1520291285";"84465";"17971";"84597";"0";"0,42"
"brzp8fNvHCBRi8UcCnTQUgQ2bQ4JnJTJtCvPzpKf2ty";"18895";"0";"0";"10,149203";"10,243678";"4083861473";"216135";"16299";"250559";"0";"2,4852"
"AButzjf4rTRL7WerjnruW6Vbvab9iFujcJCsm4E3nwc8";"4109";"0";"0";"0,000924";"0,021494";"89955275";"21892";"4109";"21892";"0";"0,0103"
"VisTAPABATtyG5FGQ3twF7Hk6xAi6qBPS5BLuGoSQ3i";"128572";"0";"0";"0";"0,709915";"1465157618";"11396";"127996";"11447";"0";"0"
"dzrevZC94tBLwuHw1dyynZxaXTWyp7yocsinyEVPtt4";"6485";"0";"0";"0,000166";"0,032591";"53724084";"8284";"2414";"22255";"0";"0,0031"
"C984fX81weV2zrfG97Hc6aKHk2YyPr2uZbQdo3GRungW";"5225";"0";"0";"0";"0,02613";"162772736";"31153";"4569";"35625";"0";"0"
"R6yPssVmTujhhE8QPUnVpmuz8yzQaFkkqQxBuxQX53R";"121";"0";"0";"0,180053";"0,180658";"6729892";"55619";"121";"55619";"0";"26,7543"
"FdDd6eCKiRTUDnQ9o466pDnpcks6kwPCVc1uqcMdScAf";"324152";"0";"0";"0,726349";"3,967869";"4118645492";"12706";"309050";"13327";"0";"0,1764"
"4fTHVZvo3mp9GvJmgYNtepnd2pJbPwfYuiZ7t6M476Uy";"6407";"0";"0";"0";"0,06407";"104452658";"16303";"6387";"16354";"0";"0"
"24Uqj9JCLxUeoC3hGfh5W3s9FM9uCHDS2SG3LYwBpyTi";"4277";"0";"0";"0,042281";"0,063666";"251420890";"58784";"3844";"65406";"0";"0,1682"
"DSzxC6BtqPfVmMCjNacNasdE6LgWYj1aB6VVoAaPubYL";"8342";"0";"0";"0";"0,04171";"111427909";"13357";"8342";"13357";"0";"0"
"25uXrrL4p6xd9Uk6jQPiFQoipg4nH48Jk7RNUGEcqbg8";"193342";"0";"0";"0";"0,96671";"2537833868";"13126";"94573";"26835";"0";"0"
"3Bd9sJ7oUhM3n71CyzFwsFVQW2cnNtLU68aR7kExZT16";"11495";"0";"0";"0";"0,07534";"681042141";"59247";"11081";"61460";"0";"0"
"HDwcJBJXjL9FpJ7UBsYBtaDjsBUhuLCUYoz3zr8SWWaQ";"602331";"0";"0";"5,280707";"8,816962";"235393074908";"390804";"509987";"461567";"0";"0,0224"
"HQ2UUt18uJqKaQFJhgV9zaTdQxUZjNrsKFgoEDquBkcx";"2184";"0";"0";"0,0048";"0,01572";"269267258";"123291";"1171";"229946";"0";"0,0178"
"PCKjSaQaZb3AcmjTcb2fcLanh9Mky9ZvuaKqTBxsqWE";"5614";"0";"0";"0";"0,05528";"134566021";"23970";"5361";"25101";"0";"0"
"axjx66xJAyWxVTu73uCjqzSsAopBbqEbyetD5SUFTex";"1814";"0";"0";"0";"0,00907";"17673810";"9743";"1814";"9743";"0";"0"
"nttmCZuaoLZ2TEyuo1qytxUJwW9v5Um7bhUgY9zhS6M";"33";"0";"0";"0,010035";"0,0102";"2309953";"69999";"33";"69999";"0";"4,3444"
"22z4B93dSqzBaAkC7GRkihYbW52EpDqHQULWP219W9LR";"277";"0";"0";"0,097641";"0,099026";"51781882";"186938";"274";"188985";"0";"1,8856"
"mine9YMaEywEJyysaDLjYngt8pYXxQDsdakUewPEW8S";"44";"0";"0";"0,00645";"0,00667";"6506095";"147866";"26";"250234";"0";"0,9913"
"fragnAis7Bp6FTsMoa6YcH8UffhEw43Ph79qAiK3iF3";"1219";"0";"0";"0,005796";"0,011926";"178740611";"146629";"1219";"146629";"0";"0,0324"
"AMMJdEiCCa8mdugg6JPF7gFirmmxisTfDJoSNSUi5zDJ";"4420";"0";"0";"3E-05";"0,02213";"134501004";"30430";"4419";"30437";"0";"0,0002"
"4MangoMjqJ2firMokCjjGgoK8d4MXcrgL7XJaL3w6fVg";"1";"0";"0";"0";"5E-06";"99570";"99570";"1";"99570";"0";"0"
"ZETAxsqBRek56DhiGXrn75yj2NHU3aYUnxvHXpkf3aD";"2";"0";"0";"0";"1E-05";"54930";"27465";"2";"27465";"0";"0"
"NtTtwqVX4SCNECrZ8ZmEaxAPFcm5r7Szx4tBmYLU17p";"9";"0";"0";"0,010047";"0,010092";"689801";"76645";"9";"76645";"0";"14,5654"
"HLCorec4bsTSiyzskDuAqrqD5NXDZeLhdvWqs7wjWRx5";"23714";"0";"0";"1,10954";"1,22811";"1537944146";"64854";"21006";"73215";"0";"0,7214"
"6YRZW57XsrT2DxSNLXHHQd4QmiqBode4d6btASkRqcFo";"1318";"0";"0";"0,026755";"0,033345";"49952277";"37900";"927";"53886";"0";"0,5356"
"DT3X9y2w3S13M4GiQNbMtsrYeA9eEZpLg6frM4V28at5";"1032213";"0";"0";"0";"20,567275";"8491292755";"8226";"338243";"25104";"0";"0"
"6QwqgT13oVGhFkMhJwRV6f6nQq52Duy2HqovtiMHaNgs";"7604";"0";"0";"0,0024";"0,04042";"164104126";"21581";"7603";"21584";"0";"0,0146"
"8hNZpgaL74ozyYhKeFuipGioaoRRKKvS7oMjFBDATmzf";"8951";"0";"0";"0";"0,08951";"194644889";"21746";"8787";"22151";"0";"0"
"FR1SDyLUj7PrMbtkUCkDrBymk5eWrRmr3UvWFb5Kjbmd";"3619";"0";"0";"0,587401";"0,605496";"135251632";"37373";"3524";"38380";"0";"4,343"
"GFzXiEhiRauw6k59L15zz4UJ9ZANaF5gpPtxEaYCo8jv";"5385";"0";"0";"0";"0,026925";"286885056";"53275";"5370";"53424";"0";"0"
"AZipysY3PXDM61RJzdnP4UtWR3tVgM9kGdxXwLbjP41S";"28032";"0";"0";"0,762442";"0,902602";"530174716";"18913";"27817";"19059";"0";"1,4381"
"King7ki4SKMBPb3iupnQwTyjsq294jaXsgLmJo8cb7T";"2665701";"0";"0";"393,454408";"406,907748";"76212665214";"28590";"1743928";"43702";"0";"5,1626"
"PhoeNiXZ8ByJGLkxNfZRnkUfjvmuYqLR89jjFHGqdXY";"401";"0";"0";"0,002665";"0,00467";"13462566";"33572";"394";"34169";"0";"0,1979"
"PHYSJkZ4KNpK4Lp5pg89xfab5mSer9NxRfr6YzuRdNQ";"4110";"0";"0";"0";"0,02055";"646010002";"157180";"4110";"157180";"0";"0"
"QMNeHCGYnLVDn1icRAfQZpjPLBNkfGbSKRB83G5d8KB";"60";"0";"0";"0";"0,0003";"1393257";"23221";"60";"23221";"0";"0"
"ENicYBBNZQ91toN7ggmTxnDGZW14uv9UkumN7XBGeYJ4";"23481";"0";"0";"1,886135";"2,03733";"1746955515";"74399";"23425";"74577";"0";"1,0797"
"9m7YMBgQaxYpUwrjLvS6AA3FmGH83qXgifA5aF5VbEue";"43396";"0";"0";"1,415704";"1,632684";"6077887714";"140056";"42956";"141491";"0";"0,2329"
"5tLEJ7TDNdCkoHBEQWYkkiaevrAVdhiJzcmTUEcaTu9";"7";"0";"0";"0,014";"0,014035";"1766640";"252377";"7";"252377";"0";"7,9246"
"BHMPLPwX2DgxNe9EiyNqMqTfYXtRfaQLpD3USaYnQexp";"2042";"0";"0";"0";"0,016745";"139498642";"68315";"1296";"107638";"0";"0"
"8Ynw96G4yZQJ1NUX2ZKYmQkkmgXEAeGfkGrahGnWwtxM";"14669";"0";"0";"0";"0,073345";"250732262";"17093";"14669";"17093";"0";"0"
"4TyRczJ6eu2cv34uQQorQhS1m91PcEBMCRonmYZomiUA";"3381";"0";"0";"0";"0,01712";"79869351";"23623";"3377";"23651";"0";"0"
"CRGhjZGv6ttKt8AiqEZd2ZBW7Kp14zXUKjUykoR29LbN";"1374";"0";"0";"0";"0,01265";"84133895";"61233";"1373";"61277";"0";"0"
"cjg3oHmg9uuPsP8D6g29NWvhySJkdYdAo9D25PRbKXJ";"18";"0";"0";"0";"9E-05";"223617";"12423";"18";"12423";"0";"0"
"CoqTVH4YViufSd8idZ7WwndUQUDWnTT6yERGjXfjQd52";"753775";"0";"0";"4,522784";"8,291659";"123586562562";"163957";"206050";"599789";"0";"0,0366"
"TRDwq3BN4mP3m9KsuNUWSN6QDff93VKGSwE95Jbr9Ss";"15793";"0";"0";"0,374435";"0,4552";"1277786704";"80908";"15475";"82571";"0";"0,293"
"raffKWNrQvz5uhFGY4Dw64sn3hSZZjhC4AMtXmdUFy2";"23418";"0";"0";"0,00904";"0,12613";"539910940";"23055";"23411";"23062";"0";"0,0167"
"45DJvdkD7fiTrhsrNxaWd8jAiWJ1G5S98W7n4Wg8gJdW";"2867";"0";"0";"0";"0,02118";"50839748";"17733";"1922";"26451";"0";"0"
"79NiGoTLeZUH5YUVDJmyiqFHwDUJFUxSpFxbQpacx7RZ";"32885";"0";"0";"0,004405";"0,221565";"1194923441";"36336";"28393";"42085";"0";"0,0037"
"4XKv23WzTb9ZpwLCxfQ3k2ChFmQwrUuuazpDKq3ikVSJ";"1497";"0";"0";"0,000258";"0,009758";"100254970";"66971";"1476";"67923";"0";"0,0026"
"2M5kinPh6R6ow4287N3SLWLx9mWFKpBq1QfnsGGhQ2no";"558";"0";"0";"0";"0,00279";"15221646";"27279";"555";"27426";"0";"0"
"2QKKmkEbkC1rakibHw1A6oRGWabw22W7jr143oVBti78";"20";"0";"0";"0,06";"0,0601";"1205408";"60270";"20";"60270";"0";"49,7757"
"AgdxtGStJsyCZAZvZChtnTtaK774e3Yf2QWdq8gSfLuc";"3147";"0";"0";"0";"0,015735";"183715071";"58378";"3145";"58415";"0";"0"
"Nqd6XqA8LbsCuG8MLWWuP865NV6jR1MbXeKxD4HLKDJ";"1610";"0";"0";"0";"0,00805";"5184677";"3220";"792";"6546";"0";"0"
"PRPLUgjCUxCEzNPP6x7XJVK1WR5XX28Zu8MEyTqvGjF";"165376";"0";"0";"0";"0,82688";"23321060441";"141018";"165375";"141019";"0";"0"
"bidoyoucCtwvPJwmW4W9ysXWeesgvGxEYxkXmoXTaHy";"8408";"0";"0";"0";"0,04204";"374230679";"44509";"8357";"44781";"0";"0"
"6yQ7xPWfRhzNJJLMLyRHXFWVNYPaihaJtMgmXBgFyAdx";"220";"0";"0";"0,0708";"0,0719";"8699778";"39544";"216";"40277";"0";"8,1381"
"nosJhNRqr2bc9g1nfGDcXXTXvYUmxD4cVwy2pMWhrYM";"169139";"0";"0";"0";"2,526225";"10160666706";"60073";"70586";"143947";"0";"0"
"tuna4uSQZncNeeiAMKbstuxA9CUkHH6HmC64wgmnogD";"56";"0";"0";"0";"0,00028";"3254299";"58112";"56";"58112";"0";"0"
"SoLFiHG9TfgtdUXUjWAxi3LtvYuFyDLVhBWxdMZxyCe";"3";"0";"0";"0,00106";"0,001075";"276400";"92133";"2";"138200";"0";"3,8355"
"Vk8So9iUmmJeuWhdDmdGox8xono1UJ7KUPA5vWq7MAA";"3749";"0";"0";"0";"0,018745";"1144225064";"305208";"3749";"305208";"0";"0"
"CZcvoryaQNrtZ3qb3gC1h9opcYpzEP1D9Mu1RVwFQeBu";"1898";"0";"0";"0";"0,00949";"12633216";"6656";"1898";"6656";"0";"0"
"CWgkFB7ngUc9cGD1LryyhP7h6xYWtwrAjhSKKCoR1gkz";"20080";"0";"0";"0";"0,2008";"334194979";"16643";"17718";"18862";"0";"0"
"9zWqf5jhauvxMc9RETXD9xbaMBrJpzPzGB6PR34Ksq6Z";"20";"0";"0";"0,04";"0,0401";"4909524";"245476";"20";"245476";"0";"8,1474"
"Bscr7gaUhPMt4j8ugbsQyk4R8mVLMJS7q2U9AsnXLgjb";"1776";"0";"0";"0";"0,00888";"21764038";"12255";"1776";"12255";"0";"0"
"98DUyVx41ogvrJXi7svM8GbcwTgaitNF1pJ1vZZ6hPHS";"5773";"0";"0";"0,50836";"0,537225";"526606269";"91219";"3937";"133758";"0";"0,9654"
"T1pyyaTNZsKv2WcRAB8oVnk93mLJw2XzjtVYqCsaHqt";"1630980";"0";"0";"0";"8,164345";"95597526777";"58614";"1453656";"65764";"0";"0"
"CfRi7DTfAzDnU3NQzv2zwUksJ7mw98VQUdfErGo6gzMU";"34205";"0";"0";"0";"0,17105";"266012015";"7777";"14326";"18568";"0";"0"
"8VWm29HWNAftJJnGpL7rqVcyShbB1TSZmweaMec7V7no";"5178";"0";"0";"0";"0,02589";"96519565";"18640";"5170";"18669";"0";"0"
"GH8Ya8jNnovpKH6r4YUiZGmfmv2t4onak1D4Bng4Vudw";"117586";"0";"0";"3,50109";"4,08902";"23838323869";"202731";"93385";"255269";"0";"0,1469"
"3KHSHFpEK6bsjg3bqcxQ9qssJYtRCMi2S9TYVe4q6CQc";"4518";"0";"0";"0,157129";"0,179719";"59914345";"13261";"4512";"13279";"0";"2,6226"
"SKRskrmtL83pcL4YqLWt6iPefDqwXQWHSw9S9vz94BZ";"783310";"0";"0";"1,899136";"5,815701";"28243857170";"36057";"701119";"40284";"0";"0,0672"
"Ga71KgdYh4vWoRZrmtFbqNVGWGA3njQPS58vV8z8PSdp";"2441";"0";"0";"0";"0,012205";"48698368";"19950";"2231";"21828";"0";"0"
"HMq2uadrCJru2bhP1DJrVmjLM7pySS9rP5FGQjg5GULP";"1238";"0";"0";"0";"0,011805";"64139166";"51809";"1237";"51851";"0";"0"
"SLendK7ySfcEzyaFqy93gDnD3RtrpXJcnRwb6zFHJSh";"3122";"0";"0";"0,008908";"0,024518";"504001408";"161435";"3122";"161435";"0";"0,0177"
"HEvSKofvBgfaexv23kMabbYqxasxU3mQ4ibBMEmJWHny";"2";"0";"0";"0";"1E-05";"11231";"5616";"2";"5616";"0";"0"
"zoRabwLGd5zXaV7Gxacppw8tcceXEiTrSKyNLSaSTUc";"2341";"0";"0";"0";"0,02329";"404536499";"172805";"2335";"173249";"0";"0"
"mnCk3moW6q9UszVev3C9JjtE4YoviXgLwiLCnUy3c4D";"3792";"0";"0";"7,6E-05";"0,019041";"66408075";"17513";"3791";"17517";"0";"0,0011"
"JCFRaPv7852ESRwJJGRy2mysUMydXZgVVhrMLmExvmVp";"7033";"0";"0";"0";"0,0537";"135401307";"19252";"7033";"19252";"0";"0"
"pjwLcQDbzybW1FrHVbvkLzzk836S4TvXmtsqvYWC967";"125338";"0";"0";"0";"0,885645";"2903492691";"23165";"123847";"23444";"0";"0"
"9KuRi5CasX6XWCK846nhfRQmW32g6uuFdfaBkfxjgMpG";"54209";"0";"0";"0";"0,542115";"6162036107";"113672";"52776";"116758";"0";"0"
"8p6MKtMGGugZMy2HGXtL3uBb11y7xuzXmbMbQgNmWVUQ";"5849";"0";"0";"0";"0,029315";"136113851";"23271";"4424";"30767";"0";"0"
"FLEET1qqzpexyaDpqb2DGsSzE2sDCizewCg9WjrA6DBW";"2901";"0";"0";"0";"0,01453";"453835410";"156441";"2857";"158850";"0";"0"
"EoV4Bsncqw1MDobAyobTkvu2dFJqP3PLa5jidoF74eSa";"1382";"0";"0";"0";"0,00691";"71112981";"51457";"1219";"58337";"0";"0"
"2DkBHDXSGeDtZMrW1SvFV3pJAEr8LYRN2UjJ89LKGg2P";"189";"0";"0";"0,008369";"0,009314";"9454978";"50026";"189";"50026";"0";"0,8851"
"AUMinudJ3Qnq75vEev6Q39HpbBhAum4raVWct3s4QcZD";"43";"0";"0";"0";"0,00031";"3239984";"75348";"43";"75348";"0";"0"
"FL1PkYoxafDzNSHBR48GNnkX54bk6V5YXewiz81ZcWos";"114698";"0";"0";"0";"0,57349";"1282471417";"11181";"114245";"11226";"0";"0"
"9SFU2obpHc5rxsRPJuK2Rs6sVNmK5FVnEr4xwVCdgnqx";"17";"0";"0";"0,034";"0,034085";"4373547";"257267";"17";"257267";"0";"7,774"
"DLv3NggMiSaef97YCkew5xKUHDh13tVGZ7tydt3ZeAru";"18156";"0";"0";"0,000812";"0,091592";"181429859";"9993";"12678";"14311";"0";"0,0045"
"9KLLchQVJpGkw4jPuUmnvqESdR7mtNCYr3qS4iQLabs";"12824";"0";"0";"0";"0,06412";"65808637";"5132";"8988";"7322";"0";"0"
"NTTB7GBM1e559QnE2AtppjjuRmA9gHYMuqauLC2DiXn";"58";"0";"0";"0,025003";"0,025293";"4040654";"69666";"58";"69666";"0";"6,1878"
"DERP2sf1Nak1R7s5HVgQD9WcQM1X9CKh5Ru5PNafAsPg";"4334";"0";"0";"0";"0,02167";"686678050";"158440";"4327";"158696";"0";"0"
"6LtLpnUFNByNXLyCoK9wA2MykKAmQNZKBdY8s47dehDc";"1551";"0";"0";"0,054522";"0,062277";"785437705";"506407";"1538";"510688";"0";"0,0694"
"8aquaCPqbpsWvHdpfhTgfBg8eJWqNZKQgyYzzFXCdRkH";"163178";"0";"0";"0,000142";"0,816032";"22270616592";"136481";"127824";"174229";"0";"0"
"EXBuYPNgBUXMTsjCbezENRUtFQzjUNZxvPGTd11Pznk5";"839";"0";"0";"0,067976";"0,072171";"21171326";"25234";"839";"25234";"0";"3,2108"
"32Jr4JnXWvqq9GqPQynkooHsszaucUUvZfNLh2hdX2L5";"3015";"0";"0";"0";"0,015105";"99616390";"33040";"2987";"33350";"0";"0"
"NttMjdaP1RnzrqFMjspEBaqRv7N2X2JTbVmLMSXGHhK";"393";"0";"0";"0,01736";"0,019325";"31597779";"80401";"393";"80401";"0";"0,5494"
"BSwp6bEBihVLdqJRKGgzjcGLHkcTuzmSo1TQkHepzH8p";"1";"0";"0";"0";"5E-06";"72711";"72711";"1";"72711";"0";"0"
"JBBrJmCunztkrb2vtn2GE1YmbVdjbaRc3x7mUG2Qq5CQ";"2430";"0";"0";"0";"0,01215";"208660937";"85869";"2430";"85869";"0";"0"
"FHKBuiohcYB5n636h7UmHahRGU5UCHX8CSb6DNSUqX65";"223706";"0";"0";"0";"1,11853";"6906685577";"30874";"153625";"44958";"0";"0"
"44gjgndDaSHTAXxXuQYMEJJ4VkoE8b97o6P59Hhv8DB4";"2115";"0";"0";"0";"0,01493";"127268063";"60174";"2109";"60345";"0";"0"
"6sbWW8qnrXoNXVMcTGLBQJefuaNcJsuqxztXUegHi4Wq";"118644";"0";"0";"0";"1,17308";"1091960971";"9204";"95326";"11455";"0";"0"
"Ceu4aCcSV624aRGUoWt2pPd5YuLZM4gyos7kyrPrpGG1";"2618539";"0";"0";"1,226713";"14,319408";"242921007820";"92770";"1228905";"197673";"0";"0,005"
"BHidyz25KWkNPdTHgeANzMg25MM2KEiNnG4yE5F46XUz";"3428";"0";"0";"0";"0,01714";"66769201";"19478";"3428";"19478";"0";"0"
"4Wbqb1mAPFfR3oQPfyWJ4vsntNECWXMn8aS7LybkwhWo";"19462";"0";"0";"0";"0,09749";"1105376086";"56797";"19452";"56826";"0";"0"
"Gx4uQRXudq7oacjfCoVMHY1pszPQEGn7BNwmdKX1XTa3";"5455";"0";"0";"0";"0,027275";"118542313";"21731";"5444";"21775";"0";"0"
"CRSHdMVmWgRsarrRWnRXWKMxJhLEUheiU6SEhqCLS4Gm";"94354";"0";"0";"0,478851";"0,950621";"449087215";"4760";"94354";"4760";"0";"1,0663"
"SHARKobtfF1bHhxD2eqftjHBdVSCbKo9JtgK71FhELP";"39954";"0";"0";"0,839794";"1,290289";"2230838218";"55835";"39947";"55845";"0";"0,3764"
"SMRTzfY6DfH5ik3TKiyLFfXexV8uSG3d2UksSCYdunG";"13765";"0";"0";"1,500766";"1,598316";"479750288";"34853";"13046";"36774";"0";"3,1282"
"99vQwtBwYtrqqD9YSXbdum3KBdxPAVxYTaQ3cfnJSrN2";"79785";"0";"0";"0,102608";"0,611233";"1618511792";"20286";"78055";"20736";"0";"0,0634"
"9SmGhxjLJfnatg8Xu1Ff2QM7vNMDbsbLWFwBeEzXtnBX";"1679";"0";"0";"0,075555";"0,08395";"156937096";"93471";"1097";"143060";"0";"0,4814"
"JB3iGFeeT1K8mWmdVzypBowsyG28DYTSSvdQgcdTfF7P";"44895";"0";"0";"0";"0,224475";"2457745508";"54744";"43369";"56671";"0";"0"
"A95jD3nCCc9AeXhbYEYLeJ1owLG8hErfuLri9W1BRqTf";"10";"0";"0";"0,0192";"0,01925";"2661540";"266154";"10";"266154";"0";"7,2139"
"DCA265Vj8a9CEuX1eb1LWRnDT7uK6q1xMipnNyatn23M";"3174";"0";"0";"0,003006";"0,018876";"296181457";"93315";"3140";"94325";"0";"0,0101"
"srmqPvymJeFKQ4zGQed1GFppgkRHL9kaELCbyksJtPX";"6";"0";"0";"0";"3E-05";"81670";"13612";"6";"13612";"0";"0"
"A1oayh35gLkRG8fHcXtfdGJmbsubAeJA7URVVET3h8MZ";"73";"0";"0";"0,513925";"0,51429";"20216554";"276939";"73";"276939";"0";"25,421"
"3ZZuTbwC6aJbvteyVxXUS7gtFYdf7AuXeitx6VyvjvUp";"7921";"0";"0";"0";"0,07911";"76706736";"9684";"7103";"10799";"0";"0"
"42C9thies2WottySPmi2k93Nq2eP7TUtPZxHVAhicxMP";"1959";"0";"0";"0";"0,009795";"34086101";"17400";"1932";"17643";"0";"0"
"FW6zUqn4iKRaeopwwhwsquTY6ABWLLgjxtrC3VPnaWBf";"24";"0";"0";"0,130963";"0,131083";"2583774";"107657";"8";"322972";"0";"50,6868"
"Fy1YwPariTjcEZMrmDaYDwxPKWTsR7z3HjqyS2zrr87g";"6584";"0";"0";"0,006584";"0,039504";"821102841";"124712";"4337";"189325";"0";"0,008"
"arb1pgEiYNYvJQJwQn8u4PKAnRpJGPSVdAPU5P4KtUX";"6504";"0";"0";"0";"0,03252";"224133057";"34461";"6496";"34503";"0";"0"
"2KehYt3KsEQR53jYcxjbQp2d2kCp4AkuQW68atufRwSr";"141";"0";"0";"0,059797";"0,060502";"6962053";"49376";"107";"65066";"0";"8,589"
"opnb2LAfJYbRMAHHvqjCwQxanZn7ReEHp1k81EohpZb";"7765";"0";"0";"0,256225";"0,29505";"320324321";"41252";"7756";"41300";"0";"0,7999"
"RSZE1NgJy3zdmyTWPeT4yKbsUrhAwrh4mXBL1rMvHt4";"5246";"0";"0";"0";"0,02623";"283459912";"54034";"2498";"113475";"0";"0"
"CRhtqXk98ATqo1R8gLg7qcpEMuvoPzqD5GNicPPqLMD";"5234";"0";"0";"0";"0,02617";"68796134";"13144";"5234";"13144";"0";"0"
"riptK81hDxhe5pW5jSzSM9iRA8azgEgLJ4dXkPtBS7j";"426160";"0";"0";"0";"2,1308";"142980699";"336";"410509";"348";"0";"0"
"AQU1FRd7papthgdrwPTTq5JacJh8YtwEXaBfKU3bTz45";"2";"0";"0";"0";"1E-05";"112368";"56184";"2";"56184";"0";"0"
"xpo8sHWHkfS6NpVsYwE2t5pTvvdTHSdWUdxh2RtsT1H";"5223";"0";"0";"0";"0,026115";"10289211";"1970";"1915";"5373";"0";"0"
"G3z6yQqLP1q2JqFqEwND6rTX3vsnzzr3Vv16pMoSdkcx";"66463";"0";"0";"3,0162";"3,348515";"756620585";"11384";"64612";"11710";"0";"3,9864"
"FarmsPZpWu9i7Kky8tPN37rs2TpmMrAZrC7S7vJa91Hr";"30842";"0";"0";"0,934205";"1,08843";"2790300642";"90471";"30749";"90744";"0";"0,3348"
"obriQD1zbpyLz95G5n7nJe6a4DPjpFwa5XYPoNm113y";"1";"0";"0";"0";"5E-06";"7162";"7162";"1";"7162";"0";"0"
"GVGCNqUUrix5RLph9kVtzdMYkZLEvzvHEkYvC6vJ9dzZ";"11411";"0";"0";"0";"0,057065";"828723099";"72625";"11395";"72727";"0";"0"
"G2E4eoenFMirpFKRfHNo2koDP7mrhnNWVwxyHASSpjQD";"123864";"0";"0";"83,044483";"83,663803";"18747362373";"151354";"2951";"6352885";"0";"4,4297"
"BMvZumCsba7rdQZt2b8A2S1RyKgciqekKb4EwGYRUfyh";"3000";"0";"0";"0";"0,02998";"197979623";"65993";"2996";"66081";"0";"0"
"prm1azdDGzyqP76s3Hv2nuG3uLnBgR5u2d7pANwmmzC";"2442";"0";"0";"0";"0,012235";"95263186";"39010";"2442";"39010";"0";"0"
"XXXXXXHm2pmmxyTeDyzvi4VUXZcLHGwzqvjZhJkbvPf";"10057";"0";"0";"0";"0,050285";"422881188";"42048";"10057";"42048";"0";"0"
"CFjLE5589EiPZvPFiSx7QgktBH8ZTkkGJU2dL7qbJU2a";"552";"0";"0";"0,012632";"0,018342";"28712926";"52016";"552";"52016";"0";"0,4399"
"BGUMAp9Gq7iTEuizy4pqaxsTyUCBK68MDfK752saRPUY";"4448466";"0";"0";"0,590476";"29,857566";"338844700644";"76171";"1890056";"179278";"0";"0,0017"
"AeDvuJTj2ewCQdPZj7Y26hM89gcUETWaXHRGzcQgDUuz";"8674";"0";"0";"0";"0,08674";"85433798";"9849";"8140";"10496";"0";"0"
"ogpTKmVzXDbSEfCr5mq2tq4pfeVHuSEHoRmWAU1fTp8";"6959";"0";"0";"0";"0,04842";"376696484";"54131";"5524";"68193";"0";"0"
"2qGyiNeWyZxNdkvWHc2jT5qkCnYa1j1gDLSSUmyoWMh8";"152290";"0";"0";"0";"0,76145";"19698155172";"129346";"92114";"213845";"0";"0"
"nttu74CdAmsErx5daJVCQNoDZujswFrskMzonoZSdGk";"1210";"0";"0";"0,008891";"0,014941";"89458055";"73932";"1202";"74424";"0";"0,0994"
"4H9AA9ekBHkh7S5nC9PsVdNcG96a3yeVVjisP6sDHGuo";"7799";"0";"0";"7,5E-05";"0,03907";"2758974";"354";"7798";"354";"0";"0,0272"
"RouterBmuRBkPUbgEDMtdvTZ75GBdSREZR5uGUxxxpb";"10471";"0";"0";"0";"0,052355";"433435083";"41394";"649";"667851";"0";"0"
"3NJyzGWjSHP4hZvsqakodi7jAtbufwd52vn1ek6EzQ35";"8651";"0";"0";"0";"0,043255";"257281198";"29740";"8650";"29743";"0";"0"
"3Hm8UuHLTrPFU8tvUYDX8ZkzYRszYbVLEJozTBGsXYDJ";"93249";"0";"0";"0";"0,46625";"1314692000";"14099";"18254";"72022";"0";"0"
"GnsXPmmSVJoUS9dB4m9a3819jpZNY7pS4jVUtCfutTwY";"42390";"0";"0";"0";"0,21195";"1228639240";"28984";"42289";"29053";"0";"0"
"85iDfUvr3HJyLM2zcq5BXSiDvUWfw6cSE1FfNBo8Ap29";"21311";"0";"0";"0";"0,106555";"918038275";"43078";"21117";"43474";"0";"0"
"C7QLEmDz81Usvy2sYa4xZSdA8EwEcYvZo8iuYZMaqXmj";"121899";"0";"0";"0";"0,889935";"8453777125";"69351";"86240";"98026";"0";"0"
"962kiGMxNLM6w1ZtozcJGZTWrBvqqQfWFZFCS6vHgKus";"1613";"0";"0";"0";"0,056395";"31830438";"19734";"1526";"20859";"0";"0"
"nTT36HayeWMJjdK6D4L3E5t4Z6oEyASVDDALFXVTJND";"9";"0";"0";"0,015001";"0,015046";"647667";"71963";"9";"71963";"0";"23,1619"
"ZUPYzr87cgminBywohtbUxnaiFMwXNy8A5pD9cCcvVU";"2285";"0";"0";"0";"0,011425";"235714691";"103157";"2152";"109533";"0";"0"
"268xoH5VPMgtcuaBgXimyRHebsubszqQzPUrU5duJLL8";"1674";"0";"0";"0";"0,00837";"5877564";"3511";"1628";"3610";"0";"0"
"EW9GwxawnPEHA4eFgqd2oq9t55gSG4ReNqPRyG6Ui6PF";"2779";"0";"0";"0";"0,013895";"15928653";"5732";"2779";"5732";"0";"0"
"ABysS3ZZpCoz3hy7d8HEaQMSBRE9Ykwb3NDBhj6B8FpB";"8352";"0";"0";"0";"0,04176";"1027296";"123";"7553";"136";"0";"0"
"E22mM2hSBAb786m9c9mfdgCopdHVaXqeGF8fuNC7rgFJ";"861";"0";"0";"0";"0,004305";"1506038";"1749";"455";"3310";"0";"0"
"EKLFRXRLJo1tFnTMdShD1y8nMQcArtxchktBQjVHXPSX";"3215";"0";"0";"0";"0,016075";"41653265";"12956";"3192";"13049";"0";"0"
"JPDGXJky3iRkPmJx3cixg5cxJGGwP9kXBJzMpT5GLir";"2220";"0";"0";"0";"0,0111";"91457702";"41197";"1123";"81441";"0";"0"
"2o5Mab8XFN4BYcfrquLJaPGyNiFbUgwNKYBmRVn4UTqj";"160633";"0";"0";"0";"0,80326";"5639152944";"35106";"68156";"82739";"0";"0"
"4pjbtQCpaXFrmT7wcfuCQnAWLCUhRuK9CKQyvou1F5xo";"1740039";"0";"0";"0";"34,80078";"271245351804";"155885";"780866";"347365";"0";"0"
"G2GMMDKkw3LXXNRNLyLMy3myki3yi7tjdyxbBbGrBqrg";"1973";"0";"0";"0,196838";"0,206703";"249009518";"126209";"1206";"206476";"0";"0,7905"
"SRSLY1fq9TJqCk1gNSE7VZL2bztvTn9wm4VR8u8jMKT";"1832";"0";"0";"0";"0,00916";"175841060";"95983";"1814";"96936";"0";"0"
"EMa5knjCt8rrNXvVUiSHLPkrkxHvMNrg2R2HDchRDzDY";"3142";"0";"0";"0";"0,01571";"126471242";"40252";"3139";"40290";"0";"0"
"tbd3QdqF7Es36ifxUsW4uhf5fVkba94oKaGYXLZckT6";"1632";"0";"0";"0";"0,00816";"16870476";"10337";"1632";"10337";"0";"0"
"EAA5YxYCFjLo8werxQDJDV6TRjbdXNkq89o5qmsyuBcm";"149";"0";"0";"0,012099";"0,013184";"8945800";"60039";"149";"60039";"0";"1,3525"
"optsy31cq14ExqAA8atvvtv7JRHMCtojXja8DjEXa6N";"2953";"0";"0";"0";"0,014765";"26191132";"8869";"2953";"8869";"0";"0"
"1oopBoJG58DgkUVKkEzKgyG9dvRmpgeEm1AVjoHkF78";"1";"0";"0";"0";"1E-05";"19077";"19077";"1";"19077";"0";"0"
"3e4dEo9W7dKa2J2YdG9ymYuVSRn9UHnHXo7XiRtbTgXE";"8947";"0";"0";"0";"0,044735";"33264946";"3718";"2636";"12619";"0";"0"
"hi5iKPdHrk15joDZcfTio8vw5SnYnvrXQMv2qESCrJj";"14227";"0";"0";"4,194139";"4,265274";"2625862918";"184569";"12956";"202675";"0";"1,5972"
"NA247a7YE9S3p9CdKmMyETx8TTwbSdVbVYHHxpnHTUV";"13";"0";"0";"0";"6,5E-05";"272072";"20929";"13";"20929";"0";"0"
"AQZdYsg36tEn8ZJ7RKSSLbUSLoGPBi71TCLruCDepYom";"82384";"0";"0";"1,6E-05";"0,411936";"5206460683";"63197";"71189";"73136";"0";"0"
"WattJi1TzD85VrBjrSspQUQQau1cZ8kzxZr3i6VNnhg";"2248";"0";"0";"0";"0,01492";"263455171";"117195";"2247";"117248";"0";"0"
"Ccip842gzYHhvdDkSyi2YVCoAWPbYJoApMFzSxQroE9C";"170";"0";"0";"0,121726";"0,122576";"37985476";"223444";"169";"224766";"0";"3,2045"
"BkSqG9ni5R47X7QynNTzhQoHve5TCX4qHPQxsmLV2sfV";"2174";"0";"0";"0";"0,01087";"16637846";"7653";"1061";"15681";"0";"0"
"AAitAzLaqgPoLsEjdb6RaRbBShxPWpyJRHxokc2Zsat8";"199";"0";"0";"0,035426";"0,036421";"7117657";"35767";"195";"36501";"0";"4,9772"
"CMAGAKJ67e9hRZgfC5SFTbZH8MgEmtqazKXjmkaJjWTJ";"2173";"0";"0";"0";"0,021515";"156108146";"71840";"1495";"104420";"0";"0"
"FitAFk15vtx2PBjfr7QTnefaHRx6HwajRiZMt1DdSSKU";"4638";"0";"0";"0,048564";"0,086554";"69021316";"14882";"4635";"14891";"0";"0,7036"
"strmRqUCoQUgGUan5YhzUZa6KqdzwX5L6FpUxfmKg5m";"50853";"0";"0";"0";"0,255245";"1277638607";"25124";"5981";"213616";"0";"0"
"TSWAPaqyCSx2KABk68Shruf4rp7CxcNi8hAsbdwmHbN";"445";"0";"0";"0,00161";"0,00388";"5016449";"11273";"445";"11273";"0";"0,321"
"FTV1kbDLaeVM4LG4vHrVu2qdt2cXazYTXWWUi1xFAJdK";"565486";"0";"0";"0,822794";"3,650224";"61263197839";"108337";"539729";"113507";"0";"0,0134"
"BLzDYkUcxzBv6ne24N2YyPECoYTvDTKaukbbEemKASc4";"182";"0";"0";"0,108083";"0,108993";"30404666";"167059";"78";"389803";"0";"3,5548"
"CCTPiPYPc6AsJuwueEnWgSgucamXDZwBd53dQ11YiKX3";"8371";"0";"0";"0,539801";"0,623856";"525230860";"62744";"8296";"63311";"0";"1,0277"
"LocpQgucEQHbqNABEYvBvwoxCPsSbG91A1QaQhQQqjn";"2142";"0";"0";"0";"0,01071";"295977858";"138178";"1813";"163253";"0";"0"
"C4PcYp1KVrU6sXkiYGwc9rAHZXnVTfqsM1Ek5zFw4DEf";"2412";"0";"0";"0";"0,01206";"147655814";"61217";"2387";"61858";"0";"0"
"13gDzEXCdocbj8iAiqrScGo47NiSuYENGsRqi3SEAwet";"4";"0";"0";"0";"2E-05";"52698";"13175";"4";"13175";"0";"0"
"AMMSgtnttAKx5Ad2Y1socKJ3CcQYCB2ctg8U2SAHcVEx";"5133";"0";"0";"0";"0,025665";"267741673";"52161";"5119";"52304";"0";"0"
"7xiamgXLjjKPsAJMWq7UHCyjJWCgqY4oBXTieqzd8Te1";"247769";"0";"0";"0";"1,238845";"24551640473";"99091";"136282";"180153";"0";"0"
"ECPPeiMVPo6BeoP67vkhLgDMbMtnVNzpGEQJb1kcTpbE";"80";"0";"0";"0,107082";"0,107482";"2370993";"29637";"26";"91192";"0";"45,1633"
"APR1MEny25pKupwn72oVqMH4qpDouArsX8zX4VwwfoXD";"73598";"0";"0";"0,134865";"0,87146";"10220616852";"138871";"58476";"174783";"0";"0,0132"
"DbTjBdpz5Mz4QTEm1EyHkyQQ6gsS3btRAvydoE8bZfAx";"3809";"0";"0";"0";"0,019045";"151567922";"39792";"3799";"39897";"0";"0"
"MAyhSmzXzV1pTf7LsNkrNwkWKTo4ougAJ1PPg47MD4e";"11660";"0";"0";"0";"0,0583";"2472016056";"212008";"11660";"212008";"0";"0"
"nttLq3ZsKu9uAFWuBGksdZTPAjkMRyPkxp61CJPsntA";"27";"0";"0";"0,030007";"0,030142";"2090884";"77440";"27";"77440";"0";"14,3515"
"B9J9SDcXLBwpRq9JS9q9KJtsaYsermtddMeo9LojTLJQ";"9144";"0";"0";"0";"0,04572";"234725809";"25670";"9144";"25670";"0";"0"
"3i5JeuZuUxeKtVysUnwQNGerJP2bSMX9fTFfS4Nxe3Br";"159";"0";"0";"0,006918";"0,007713";"15480065";"97359";"159";"97359";"0";"0,4469"
"8Ue7UGaqgk9GR3YphyDMe9TX4rdUqsbVXfPcFbzM5LDE";"7519627";"0";"0";"26,966134";"64,564269";"2784855273442";"370345";"349683";"7963942";"0";"0,0097"
"CndyV3LdqHUfDLmE5naZjVN8rBZz4tqhdefbAnjHG3JR";"2289";"0";"0";"0";"0,01145";"92850776";"40564";"2262";"41048";"0";"0"
"GpQUqzphxhR5vpyihR27X45iSGeSKruzd8BHj2WU4fYx";"1900";"0";"0";"0";"0,0095";"66914290";"35218";"1705";"39246";"0";"0"
"Bgo4vNe3vxRv37j8mmQarJo8vbjHEKgkhJDZzxiizBid";"120261";"0";"0";"74,682606";"75,283911";"9496041058";"78962";"36126";"262859";"0";"7,8646"
"pudgeNoz4YrkpwZr8dYmhkHJz87yRHsJeyxZhQChetj";"755069";"0";"0";"38,538611";"42,313956";"116234237005";"153939";"372937";"311673";"0";"0,3316"
"3vxKRPwUTiEkeUVyoZ9MXFe1V71sRLbLqu1gRYaWmehQ";"890";"0";"0";"0,058768";"0,063218";"55510609";"62371";"889";"62442";"0";"1,0587"
"Exp715biUyVV6Gu8qdk5jjTWQatwSEvXHG4LPpZP761e";"85";"0";"0";"0,17";"0,170425";"26120332";"307298";"85";"307298";"0";"6,5083"
"m72GJdX3FFrx3dJ6gnc4mDNe2a9SpmdsPEsquHP1Hcn";"5903";"0";"0";"0";"0,029515";"172664015";"29250";"4693";"36792";"0";"0"
"9cqmzK6tbYamubkrZFWANuuzzEGQkjQLEyKgUX8SNnt7";"88";"0";"0";"0,952817";"0,953257";"10777843";"122475";"35";"307938";"0";"88,4051"
"5HNxbq5TiMM8YgMHNtLzkMvR6YtJSfkTn857i52aRi1p";"17";"0";"0";"0,034";"0,034085";"4425417";"260319";"17";"260319";"0";"7,6829"
"8zPmKwY3Wv9yVoP6xZnzkAUJX5BeqM7aVMDZio4PBDyb";"9";"0";"0";"0,018";"0,018045";"2381283";"264587";"9";"264587";"0";"7,559"
"43mTap3FzFV9ks5wEci9QmkFH23BGiiJPXzUyR5Ceot8";"3685";"0";"0";"0";"0,02692";"122265230";"33179";"3670";"33315";"0";"0"
"BhdU135mdBb1V7jcKdAZoFueNMLMeAtAbBgUZehqRte7";"2078";"0";"0";"0";"0,01039";"77319233";"37208";"656";"117865";"0";"0"
"A22URFxrKkdWaQ3q51NbzDc4pGjh29UNU9WdHna5QDa5";"8719";"0";"0";"0,06048";"0,104075";"156716554";"17974";"5005";"31312";"0";"0,3859"
"CREWiq8qbxvo4SKkAFpVnc6t7CRQC4tAAscsNAENXgrJ";"1376";"0";"0";"0";"0,01376";"586681861";"426368";"1111";"528066";"0";"0"
"DF6c7dTBdZ9cb59pywKAVwy5NMSXiSfmXzYNwYFPNz9F";"1939";"0";"0";"0,272549";"0,282269";"253036890";"130499";"1934";"130836";"0";"1,0771"
"HumaXepHnjaRCpjYTokxY4UtaJcmx41prQ8cxGmFC5fn";"1951";"0";"0";"0";"0,009785";"114324020";"58598";"1951";"58598";"0";"0"
"23YJWaC8AhEufH8eYdPMAouyWEgJ5MQWyvz3z8akTtR6";"3158";"0";"0";"0";"0,01579";"42103528";"13332";"3156";"13341";"0";"0"
"BzKgd9G8JXPPC91yrYfSQcHfQsgiARwGETH4VQYfGB8p";"50354";"0";"0";"0,933448";"1,185218";"7455893633";"148070";"25170";"296221";"0";"0,1252"
"RAkd1EJg45QQHeuXy7JEWBhdNvsd64Z5PbZJWQT96iB";"3662";"0";"0";"0";"0,01831";"26398201";"7209";"3617";"7298";"0";"0"
"8jaLKWLJAj5jVCZbxpe3zRUvLB3LD48MRtaQ2AjfCfxa";"1391019";"0";"0";"0";"6,957755";"104645838162";"75230";"772334";"135493";"0";"0"
"AeKgrTd7wEmuCbaJAbx22HKamgKdjTp9HujUy1oFd7VG";"28818";"0";"0";"0";"0,14409";"493628508";"17129";"28818";"17129";"0";"0"
"SMPLVC8MxZ5Bf5EfF7PaMiTCxoBAcmkbM2vkrvMK8ho";"2691";"0";"0";"0,072108";"0,085563";"75541274";"28072";"2691";"28072";"0";"0,9546"
"2K2374VEqxbFJWycxoj8ub2wBk7KwwnNn7M5V7QsL9r2";"6161";"0";"0";"0";"0,05109";"469287304";"76171";"6051";"77555";"0";"0"
"NtttGjhSzBsofYFWRYkKLV9n4og1nxVoTtBNVbnu8mf";"109";"0";"0";"0,015009";"0,015554";"8726034";"80055";"109";"80055";"0";"1,72"
"9VX8EKBg6vM6tA68xaDsPkbrx26XConZjkQmhVApUptc";"1548074";"0";"0";"1,075748";"8,816118";"823445754";"532";"1391837";"592";"0";"1,3064"
"jCebN34bUfdeUYJT13J1yG16XWQpt5PDx6Mse9GUqhR";"587";"0";"0";"1E-06";"0,005761";"75453300";"128541";"540";"139728";"0";"0"
"rec5EKMGg6MxZYaMdyBfgwp4d5rB9T1VQH5pJv5LtFJ";"3833";"0";"0";"0,005597";"0,035272";"337766354";"88121";"2491";"135595";"0";"0,0166"
"2bag6xpshpvPe7SJ9nSDLHpxqhEAoHPGpEkjNSv7gxoF";"10256";"0";"0";"0";"0,05128";"55842452";"5445";"8855";"6306";"0";"0"
"9ddjzqYhSTMHaBrrKukRXRfy4WzHUPjdX88uPXZ7MXyn";"18393";"0";"0";"0";"0,091965";"1206737816";"65609";"844";"1429784";"0";"0"
"CMACYFENjoBMHzapRXyo1JZkVS6EtaDDzkjMrmQLvr4J";"7180";"0";"0";"0";"0,0359";"230530104";"32107";"3271";"70477";"0";"0"
"DDZDcYdQFEMwcu2Mwo75yGFjJ1mUQyyXLWzhZLEVFcei";"3480";"0";"0";"0";"0,0174";"123937600";"35614";"3022";"41012";"0";"0"
"3Wn9MScovnLzVB4B8DxtchiPrX7jSanSgvUqSQfBM3MW";"23525";"0";"0";"0,492025";"0,60965";"1084620038";"46105";"22888";"47388";"0";"0,4536"
"PdMDrKEMaX8q7CCJb7NvUCxerBCcsFUa4LjBEynTtEd";"750092";"0";"0";"0,750072";"4,500532";"48234340032";"64305";"705572";"68362";"0";"0,0156"
"DmfUp9sjqVW4uf89X5T1bq1rWw1MzuWjZvZpDpjnW6Ju";"2379";"0";"0";"0";"0,015545";"104791659";"44049";"2373";"44160";"0";"0"
"pjMUjMjHTHot5bYrBu9qd4cRaNKdK1eTR8iVYouQzDo";"1744";"0";"0";"0";"0,00872";"20588813";"11806";"1739";"11839";"0";"0"
"DSTNyVLdoKxTYSjzCQ5191wozVChdVD8qCcFWZwMMX37";"6839";"0";"0";"0";"0,034195";"389597017";"56967";"6802";"57277";"0";"0"
"6xw9f54fZrCFyhRtNBfA9tzuvwzUfe4DUw33JD1uyyfd";"27517";"0";"0";"0";"0,137585";"43614445";"1585";"18452";"2364";"0";"0"
"GfyUP9mziko4u381SeLBb4D2ijTH4a9ruzBiA2hQAmwr";"4046";"0";"0";"0";"0,02023";"85298359";"21082";"1980";"43080";"0";"0"
"brcXo6HSsYdF37owe2szAT77yXBqmC2osTwJ2LhZAXz";"19";"0";"0";"0,011457";"0,011552";"708929";"37312";"19";"37312";"0";"16,161"
"EMBERpYNE6ehWmXymZZS2skiFmCa9V5dp14e1iduM5qy";"6451";"0";"0";"0";"0,032255";"222248149";"34452";"5613";"39595";"0";"0"
"9vJvSurs8pwRR4PzPYkTJ76As9srzXQu8zTTHGfAoSRm";"1647";"0";"0";"0";"0,008235";"93529397";"56788";"1599";"58492";"0";"0"
"chopmfFa3T1CzZj9WUgq5e18aMvjufSHGfPTvyKkydL";"3027";"0";"0";"0";"0,015135";"58269309";"19250";"3026";"19256";"0";"0"
"MEXkeo4BPUCZuEJ4idUUwMPu4qvc9nkqtLn3yAyZLxg";"234026";"0";"0";"12,971617";"14,141747";"25082404314";"107178";"201308";"124597";"0";"0,5172"
"FD1amxhTsDpwzoVX41dxp2ygAESURV2zdUACzxM1Dfw9";"95";"0";"0";"0";"0,001825";"24156885";"254283";"95";"254283";"0";"0"
"RUsHe5Kt19Koe2stiQuTRS4wkev5QjY5AyatokniGeY";"1805";"0";"0";"0";"0,009025";"161215412";"89316";"1800";"89564";"0";"0"
"Ewkv3JahEFRKkcJmpoKB7pXbnUHwjAyXiwEo4ZY2rezQ";"11250";"0";"0";"0,012001";"0,068251";"295619980";"26277";"10241";"28866";"0";"0,0406"
"TESQvsR4TmYxiroPPQgZpVRoSFG8pru4fsYr67iv6kf";"11349";"0";"0";"0";"0,056755";"679591414";"59881";"11349";"59881";"0";"0"
"MarBmsSgKXdrN1egZf5sqe1TMai9K1rChYNDJgjq7aD";"5046";"0";"0";"0";"0,02687";"244392725";"48433";"5018";"48703";"0";"0"
